"filename", "language", "XML", "JavaScript", "JSON", "HTML", "Markdown", "CSS", "Python", "comment", "blank", "total"
"/Users/sebastianwebster/GitHub/social-media-platform/.expo-shared/README.md", "Markdown", 0, 0, 0, 0, 6, 0, 0, 0, 6, 12
"/Users/sebastianwebster/GitHub/social-media-platform/.expo-shared/assets.json", "JSON", 0, 0, 1, 0, 0, 0, 0, 0, 1, 2
"/Users/sebastianwebster/GitHub/social-media-platform/.idea/modules.xml", "XML", 8, 0, 0, 0, 0, 0, 0, 0, 0, 8
"/Users/sebastianwebster/GitHub/social-media-platform/.idea/social-media-platform.iml", "XML", 9, 0, 0, 0, 0, 0, 0, 0, 0, 9
"/Users/sebastianwebster/GitHub/social-media-platform/.idea/vcs.xml", "XML", 6, 0, 0, 0, 0, 0, 0, 0, 0, 6
"/Users/sebastianwebster/GitHub/social-media-platform/App.js", "JavaScript", 0, 364, 0, 0, 0, 0, 0, 3, 26, 393
"/Users/sebastianwebster/GitHub/social-media-platform/app.json", "JSON", 0, 0, 18, 0, 0, 0, 0, 26, 0, 44
"/Users/sebastianwebster/GitHub/social-media-platform/assets/SocialSquareLogo_Base64_png.js", "JavaScript", 0, 2, 0, 0, 0, 0, 0, 0, 0, 2
"/Users/sebastianwebster/GitHub/social-media-platform/assets/badgeimages/imageDir.js", "JavaScript", 0, 4, 0, 0, 0, 0, 0, 0, 4, 8
"/Users/sebastianwebster/GitHub/social-media-platform/assets/icomoon-icons/IcoMoon-Free-master/Font/Reference.html", "HTML", 0, 0, 0, 6417, 0, 0, 0, 2, 1, 6420
"/Users/sebastianwebster/GitHub/social-media-platform/assets/icomoon-icons/IcoMoon-Free-master/Font/demo-files/demo.css", "CSS", 0, 0, 0, 0, 0, 1936, 0, 3, 7, 1946
"/Users/sebastianwebster/GitHub/social-media-platform/assets/icomoon-icons/IcoMoon-Free-master/Font/demo-files/demo.js", "JavaScript", 0, 28, 0, 0, 0, 0, 0, 0, 3, 31
"/Users/sebastianwebster/GitHub/social-media-platform/assets/icomoon-icons/IcoMoon-Free-master/Font/demo-files/liga.js", "JavaScript", 0, 1024, 0, 0, 0, 0, 0, 5, 1, 1030
"/Users/sebastianwebster/GitHub/social-media-platform/assets/icomoon-icons/IcoMoon-Free-master/Font/selection.json", "JSON", 0, 0, 16919, 0, 0, 0, 0, 0, 0, 16919
"/Users/sebastianwebster/GitHub/social-media-platform/assets/icomoon-icons/IcoMoon-Free-master/IcoMoon-Free.json", "JSON", 0, 0, 8998, 0, 0, 0, 0, 0, 0, 8998
"/Users/sebastianwebster/GitHub/social-media-platform/assets/icomoon-icons/IcoMoon-Free-master/README.md", "Markdown", 0, 0, 0, 0, 7, 0, 0, 0, 7, 14
"/Users/sebastianwebster/GitHub/social-media-platform/assets/icomoon-icons/IcoMoon-Free-master/SVG/001-home.svg", "XML", 5, 0, 0, 0, 0, 0, 0, 1, 1, 7
"/Users/sebastianwebster/GitHub/social-media-platform/assets/icomoon-icons/IcoMoon-Free-master/SVG/002-home2.svg", "XML", 5, 0, 0, 0, 0, 0, 0, 1, 1, 7
"/Users/sebastianwebster/GitHub/social-media-platform/assets/icomoon-icons/IcoMoon-Free-master/SVG/003-home3.svg", "XML", 5, 0, 0, 0, 0, 0, 0, 1, 1, 7
"/Users/sebastianwebster/GitHub/social-media-platform/assets/icomoon-icons/IcoMoon-Free-master/SVG/004-office.svg", "XML", 5, 0, 0, 0, 0, 0, 0, 1, 1, 7
"/Users/sebastianwebster/GitHub/social-media-platform/assets/icomoon-icons/IcoMoon-Free-master/SVG/005-newspaper.svg", "XML", 5, 0, 0, 0, 0, 0, 0, 1, 1, 7
"/Users/sebastianwebster/GitHub/social-media-platform/assets/icomoon-icons/IcoMoon-Free-master/SVG/006-pencil.svg", "XML", 5, 0, 0, 0, 0, 0, 0, 1, 1, 7
"/Users/sebastianwebster/GitHub/social-media-platform/assets/icomoon-icons/IcoMoon-Free-master/SVG/007-pencil2.svg", "XML", 5, 0, 0, 0, 0, 0, 0, 1, 1, 7
"/Users/sebastianwebster/GitHub/social-media-platform/assets/icomoon-icons/IcoMoon-Free-master/SVG/008-quill.svg", "XML", 5, 0, 0, 0, 0, 0, 0, 1, 1, 7
"/Users/sebastianwebster/GitHub/social-media-platform/assets/icomoon-icons/IcoMoon-Free-master/SVG/009-pen.svg", "XML", 6, 0, 0, 0, 0, 0, 0, 1, 1, 8
"/Users/sebastianwebster/GitHub/social-media-platform/assets/icomoon-icons/IcoMoon-Free-master/SVG/010-blog.svg", "XML", 7, 0, 0, 0, 0, 0, 0, 1, 1, 9
"/Users/sebastianwebster/GitHub/social-media-platform/assets/icomoon-icons/IcoMoon-Free-master/SVG/011-eyedropper.svg", "XML", 5, 0, 0, 0, 0, 0, 0, 1, 1, 7
"/Users/sebastianwebster/GitHub/social-media-platform/assets/icomoon-icons/IcoMoon-Free-master/SVG/012-droplet.svg", "XML", 5, 0, 0, 0, 0, 0, 0, 1, 1, 7
"/Users/sebastianwebster/GitHub/social-media-platform/assets/icomoon-icons/IcoMoon-Free-master/SVG/013-paint-format.svg", "XML", 5, 0, 0, 0, 0, 0, 0, 1, 1, 7
"/Users/sebastianwebster/GitHub/social-media-platform/assets/icomoon-icons/IcoMoon-Free-master/SVG/014-image.svg", "XML", 7, 0, 0, 0, 0, 0, 0, 1, 1, 9
"/Users/sebastianwebster/GitHub/social-media-platform/assets/icomoon-icons/IcoMoon-Free-master/SVG/015-images.svg", "XML", 7, 0, 0, 0, 0, 0, 0, 1, 1, 9
"/Users/sebastianwebster/GitHub/social-media-platform/assets/icomoon-icons/IcoMoon-Free-master/SVG/016-camera.svg", "XML", 5, 0, 0, 0, 0, 0, 0, 1, 1, 7
"/Users/sebastianwebster/GitHub/social-media-platform/assets/icomoon-icons/IcoMoon-Free-master/SVG/017-headphones.svg", "XML", 7, 0, 0, 0, 0, 0, 0, 1, 1, 9
"/Users/sebastianwebster/GitHub/social-media-platform/assets/icomoon-icons/IcoMoon-Free-master/SVG/018-music.svg", "XML", 5, 0, 0, 0, 0, 0, 0, 1, 1, 7
"/Users/sebastianwebster/GitHub/social-media-platform/assets/icomoon-icons/IcoMoon-Free-master/SVG/019-play.svg", "XML", 5, 0, 0, 0, 0, 0, 0, 1, 1, 7
"/Users/sebastianwebster/GitHub/social-media-platform/assets/icomoon-icons/IcoMoon-Free-master/SVG/020-film.svg", "XML", 5, 0, 0, 0, 0, 0, 0, 1, 1, 7
"/Users/sebastianwebster/GitHub/social-media-platform/assets/icomoon-icons/IcoMoon-Free-master/SVG/021-video-camera.svg", "XML", 5, 0, 0, 0, 0, 0, 0, 1, 1, 7
"/Users/sebastianwebster/GitHub/social-media-platform/assets/icomoon-icons/IcoMoon-Free-master/SVG/022-dice.svg", "XML", 5, 0, 0, 0, 0, 0, 0, 1, 1, 7
"/Users/sebastianwebster/GitHub/social-media-platform/assets/icomoon-icons/IcoMoon-Free-master/SVG/023-pacman.svg", "XML", 5, 0, 0, 0, 0, 0, 0, 1, 1, 7
"/Users/sebastianwebster/GitHub/social-media-platform/assets/icomoon-icons/IcoMoon-Free-master/SVG/024-spades.svg", "XML", 5, 0, 0, 0, 0, 0, 0, 1, 1, 7
"/Users/sebastianwebster/GitHub/social-media-platform/assets/icomoon-icons/IcoMoon-Free-master/SVG/025-clubs.svg", "XML", 5, 0, 0, 0, 0, 0, 0, 1, 1, 7
"/Users/sebastianwebster/GitHub/social-media-platform/assets/icomoon-icons/IcoMoon-Free-master/SVG/026-diamonds.svg", "XML", 5, 0, 0, 0, 0, 0, 0, 1, 1, 7
"/Users/sebastianwebster/GitHub/social-media-platform/assets/icomoon-icons/IcoMoon-Free-master/SVG/027-bullhorn.svg", "XML", 5, 0, 0, 0, 0, 0, 0, 1, 1, 7
"/Users/sebastianwebster/GitHub/social-media-platform/assets/icomoon-icons/IcoMoon-Free-master/SVG/028-connection.svg", "XML", 5, 0, 0, 0, 0, 0, 0, 1, 1, 7
"/Users/sebastianwebster/GitHub/social-media-platform/assets/icomoon-icons/IcoMoon-Free-master/SVG/029-podcast.svg", "XML", 5, 0, 0, 0, 0, 0, 0, 1, 1, 7
"/Users/sebastianwebster/GitHub/social-media-platform/assets/icomoon-icons/IcoMoon-Free-master/SVG/030-feed.svg", "XML", 5, 0, 0, 0, 0, 0, 0, 1, 1, 7
"/Users/sebastianwebster/GitHub/social-media-platform/assets/icomoon-icons/IcoMoon-Free-master/SVG/031-mic.svg", "XML", 5, 0, 0, 0, 0, 0, 0, 1, 1, 7
"/Users/sebastianwebster/GitHub/social-media-platform/assets/icomoon-icons/IcoMoon-Free-master/SVG/032-book.svg", "XML", 6, 0, 0, 0, 0, 0, 0, 1, 1, 8
"/Users/sebastianwebster/GitHub/social-media-platform/assets/icomoon-icons/IcoMoon-Free-master/SVG/033-books.svg", "XML", 8, 0, 0, 0, 0, 0, 0, 1, 1, 10
"/Users/sebastianwebster/GitHub/social-media-platform/assets/icomoon-icons/IcoMoon-Free-master/SVG/034-library.svg", "XML", 6, 0, 0, 0, 0, 0, 0, 1, 1, 8
"/Users/sebastianwebster/GitHub/social-media-platform/assets/icomoon-icons/IcoMoon-Free-master/SVG/035-file-text.svg", "XML", 5, 0, 0, 0, 0, 0, 0, 1, 1, 7
"/Users/sebastianwebster/GitHub/social-media-platform/assets/icomoon-icons/IcoMoon-Free-master/SVG/036-profile.svg", "XML", 5, 0, 0, 0, 0, 0, 0, 1, 1, 7
"/Users/sebastianwebster/GitHub/social-media-platform/assets/icomoon-icons/IcoMoon-Free-master/SVG/037-file-empty.svg", "XML", 5, 0, 0, 0, 0, 0, 0, 1, 1, 7
"/Users/sebastianwebster/GitHub/social-media-platform/assets/icomoon-icons/IcoMoon-Free-master/SVG/038-files-empty.svg", "XML", 6, 0, 0, 0, 0, 0, 0, 1, 1, 8
"/Users/sebastianwebster/GitHub/social-media-platform/assets/icomoon-icons/IcoMoon-Free-master/SVG/039-file-text2.svg", "XML", 8, 0, 0, 0, 0, 0, 0, 1, 1, 10
"/Users/sebastianwebster/GitHub/social-media-platform/assets/icomoon-icons/IcoMoon-Free-master/SVG/040-file-picture.svg", "XML", 7, 0, 0, 0, 0, 0, 0, 1, 1, 9
"/Users/sebastianwebster/GitHub/social-media-platform/assets/icomoon-icons/IcoMoon-Free-master/SVG/041-file-music.svg", "XML", 6, 0, 0, 0, 0, 0, 0, 1, 1, 8
"/Users/sebastianwebster/GitHub/social-media-platform/assets/icomoon-icons/IcoMoon-Free-master/SVG/042-file-play.svg", "XML", 6, 0, 0, 0, 0, 0, 0, 1, 1, 8
"/Users/sebastianwebster/GitHub/social-media-platform/assets/icomoon-icons/IcoMoon-Free-master/SVG/043-file-video.svg", "XML", 7, 0, 0, 0, 0, 0, 0, 1, 1, 9
"/Users/sebastianwebster/GitHub/social-media-platform/assets/icomoon-icons/IcoMoon-Free-master/SVG/044-file-zip.svg", "XML", 14, 0, 0, 0, 0, 0, 0, 1, 1, 16
"/Users/sebastianwebster/GitHub/social-media-platform/assets/icomoon-icons/IcoMoon-Free-master/SVG/045-copy.svg", "XML", 5, 0, 0, 0, 0, 0, 0, 1, 1, 7
"/Users/sebastianwebster/GitHub/social-media-platform/assets/icomoon-icons/IcoMoon-Free-master/SVG/046-paste.svg", "XML", 5, 0, 0, 0, 0, 0, 0, 1, 1, 7
"/Users/sebastianwebster/GitHub/social-media-platform/assets/icomoon-icons/IcoMoon-Free-master/SVG/047-stack.svg", "XML", 5, 0, 0, 0, 0, 0, 0, 1, 1, 7
"/Users/sebastianwebster/GitHub/social-media-platform/assets/icomoon-icons/IcoMoon-Free-master/SVG/048-folder.svg", "XML", 5, 0, 0, 0, 0, 0, 0, 1, 1, 7
"/Users/sebastianwebster/GitHub/social-media-platform/assets/icomoon-icons/IcoMoon-Free-master/SVG/049-folder-open.svg", "XML", 5, 0, 0, 0, 0, 0, 0, 1, 1, 7
"/Users/sebastianwebster/GitHub/social-media-platform/assets/icomoon-icons/IcoMoon-Free-master/SVG/050-folder-plus.svg", "XML", 5, 0, 0, 0, 0, 0, 0, 1, 1, 7
"/Users/sebastianwebster/GitHub/social-media-platform/assets/icomoon-icons/IcoMoon-Free-master/SVG/051-folder-minus.svg", "XML", 5, 0, 0, 0, 0, 0, 0, 1, 1, 7
"/Users/sebastianwebster/GitHub/social-media-platform/assets/icomoon-icons/IcoMoon-Free-master/SVG/052-folder-download.svg", "XML", 5, 0, 0, 0, 0, 0, 0, 1, 1, 7
"/Users/sebastianwebster/GitHub/social-media-platform/assets/icomoon-icons/IcoMoon-Free-master/SVG/053-folder-upload.svg", "XML", 5, 0, 0, 0, 0, 0, 0, 1, 1, 7
"/Users/sebastianwebster/GitHub/social-media-platform/assets/icomoon-icons/IcoMoon-Free-master/SVG/054-price-tag.svg", "XML", 5, 0, 0, 0, 0, 0, 0, 1, 1, 7
"/Users/sebastianwebster/GitHub/social-media-platform/assets/icomoon-icons/IcoMoon-Free-master/SVG/055-price-tags.svg", "XML", 6, 0, 0, 0, 0, 0, 0, 1, 1, 8
"/Users/sebastianwebster/GitHub/social-media-platform/assets/icomoon-icons/IcoMoon-Free-master/SVG/056-barcode.svg", "XML", 5, 0, 0, 0, 0, 0, 0, 1, 1, 7
"/Users/sebastianwebster/GitHub/social-media-platform/assets/icomoon-icons/IcoMoon-Free-master/SVG/057-qrcode.svg", "XML", 5, 0, 0, 0, 0, 0, 0, 1, 1, 7
"/Users/sebastianwebster/GitHub/social-media-platform/assets/icomoon-icons/IcoMoon-Free-master/SVG/058-ticket.svg", "XML", 5, 0, 0, 0, 0, 0, 0, 1, 1, 7
"/Users/sebastianwebster/GitHub/social-media-platform/assets/icomoon-icons/IcoMoon-Free-master/SVG/059-cart.svg", "XML", 7, 0, 0, 0, 0, 0, 0, 1, 1, 9
"/Users/sebastianwebster/GitHub/social-media-platform/assets/icomoon-icons/IcoMoon-Free-master/SVG/060-coin-dollar.svg", "XML", 5, 0, 0, 0, 0, 0, 0, 1, 1, 7
"/Users/sebastianwebster/GitHub/social-media-platform/assets/icomoon-icons/IcoMoon-Free-master/SVG/061-coin-euro.svg", "XML", 6, 0, 0, 0, 0, 0, 0, 1, 1, 8
"/Users/sebastianwebster/GitHub/social-media-platform/assets/icomoon-icons/IcoMoon-Free-master/SVG/062-coin-pound.svg", "XML", 6, 0, 0, 0, 0, 0, 0, 1, 1, 8
"/Users/sebastianwebster/GitHub/social-media-platform/assets/icomoon-icons/IcoMoon-Free-master/SVG/063-coin-yen.svg", "XML", 6, 0, 0, 0, 0, 0, 0, 1, 1, 8
"/Users/sebastianwebster/GitHub/social-media-platform/assets/icomoon-icons/IcoMoon-Free-master/SVG/064-credit-card.svg", "XML", 5, 0, 0, 0, 0, 0, 0, 1, 1, 7
"/Users/sebastianwebster/GitHub/social-media-platform/assets/icomoon-icons/IcoMoon-Free-master/SVG/065-calculator.svg", "XML", 5, 0, 0, 0, 0, 0, 0, 1, 1, 7
"/Users/sebastianwebster/GitHub/social-media-platform/assets/icomoon-icons/IcoMoon-Free-master/SVG/066-lifebuoy.svg", "XML", 5, 0, 0, 0, 0, 0, 0, 1, 1, 7
"/Users/sebastianwebster/GitHub/social-media-platform/assets/icomoon-icons/IcoMoon-Free-master/SVG/067-phone.svg", "XML", 5, 0, 0, 0, 0, 0, 0, 1, 1, 7
"/Users/sebastianwebster/GitHub/social-media-platform/assets/icomoon-icons/IcoMoon-Free-master/SVG/068-phone-hang-up.svg", "XML", 5, 0, 0, 0, 0, 0, 0, 1, 1, 7
"/Users/sebastianwebster/GitHub/social-media-platform/assets/icomoon-icons/IcoMoon-Free-master/SVG/069-address-book.svg", "XML", 9, 0, 0, 0, 0, 0, 0, 1, 1, 11
"/Users/sebastianwebster/GitHub/social-media-platform/assets/icomoon-icons/IcoMoon-Free-master/SVG/070-envelop.svg", "XML", 5, 0, 0, 0, 0, 0, 0, 1, 1, 7
"/Users/sebastianwebster/GitHub/social-media-platform/assets/icomoon-icons/IcoMoon-Free-master/SVG/071-pushpin.svg", "XML", 5, 0, 0, 0, 0, 0, 0, 1, 1, 7
"/Users/sebastianwebster/GitHub/social-media-platform/assets/icomoon-icons/IcoMoon-Free-master/SVG/072-location.svg", "XML", 5, 0, 0, 0, 0, 0, 0, 1, 1, 7
"/Users/sebastianwebster/GitHub/social-media-platform/assets/icomoon-icons/IcoMoon-Free-master/SVG/073-location2.svg", "XML", 5, 0, 0, 0, 0, 0, 0, 1, 1, 7
"/Users/sebastianwebster/GitHub/social-media-platform/assets/icomoon-icons/IcoMoon-Free-master/SVG/074-compass.svg", "XML", 5, 0, 0, 0, 0, 0, 0, 1, 1, 7
"/Users/sebastianwebster/GitHub/social-media-platform/assets/icomoon-icons/IcoMoon-Free-master/SVG/075-compass2.svg", "XML", 5, 0, 0, 0, 0, 0, 0, 1, 1, 7
"/Users/sebastianwebster/GitHub/social-media-platform/assets/icomoon-icons/IcoMoon-Free-master/SVG/076-map.svg", "XML", 7, 0, 0, 0, 0, 0, 0, 1, 1, 9
"/Users/sebastianwebster/GitHub/social-media-platform/assets/icomoon-icons/IcoMoon-Free-master/SVG/077-map2.svg", "XML", 5, 0, 0, 0, 0, 0, 0, 1, 1, 7
"/Users/sebastianwebster/GitHub/social-media-platform/assets/icomoon-icons/IcoMoon-Free-master/SVG/078-history.svg", "XML", 5, 0, 0, 0, 0, 0, 0, 1, 1, 7
"/Users/sebastianwebster/GitHub/social-media-platform/assets/icomoon-icons/IcoMoon-Free-master/SVG/079-clock.svg", "XML", 5, 0, 0, 0, 0, 0, 0, 1, 1, 7
"/Users/sebastianwebster/GitHub/social-media-platform/assets/icomoon-icons/IcoMoon-Free-master/SVG/080-clock2.svg", "XML", 5, 0, 0, 0, 0, 0, 0, 1, 1, 7
"/Users/sebastianwebster/GitHub/social-media-platform/assets/icomoon-icons/IcoMoon-Free-master/SVG/081-alarm.svg", "XML", 6, 0, 0, 0, 0, 0, 0, 1, 1, 8
"/Users/sebastianwebster/GitHub/social-media-platform/assets/icomoon-icons/IcoMoon-Free-master/SVG/082-bell.svg", "XML", 5, 0, 0, 0, 0, 0, 0, 1, 1, 7
"/Users/sebastianwebster/GitHub/social-media-platform/assets/icomoon-icons/IcoMoon-Free-master/SVG/083-stopwatch.svg", "XML", 5, 0, 0, 0, 0, 0, 0, 1, 1, 7
"/Users/sebastianwebster/GitHub/social-media-platform/assets/icomoon-icons/IcoMoon-Free-master/SVG/084-calendar.svg", "XML", 5, 0, 0, 0, 0, 0, 0, 1, 1, 7
"/Users/sebastianwebster/GitHub/social-media-platform/assets/icomoon-icons/IcoMoon-Free-master/SVG/085-printer.svg", "XML", 6, 0, 0, 0, 0, 0, 0, 1, 1, 8
"/Users/sebastianwebster/GitHub/social-media-platform/assets/icomoon-icons/IcoMoon-Free-master/SVG/086-keyboard.svg", "XML", 5, 0, 0, 0, 0, 0, 0, 1, 1, 7
"/Users/sebastianwebster/GitHub/social-media-platform/assets/icomoon-icons/IcoMoon-Free-master/SVG/087-display.svg", "XML", 5, 0, 0, 0, 0, 0, 0, 1, 1, 7
"/Users/sebastianwebster/GitHub/social-media-platform/assets/icomoon-icons/IcoMoon-Free-master/SVG/088-laptop.svg", "XML", 5, 0, 0, 0, 0, 0, 0, 1, 1, 7
"/Users/sebastianwebster/GitHub/social-media-platform/assets/icomoon-icons/IcoMoon-Free-master/SVG/089-mobile.svg", "XML", 5, 0, 0, 0, 0, 0, 0, 1, 1, 7
"/Users/sebastianwebster/GitHub/social-media-platform/assets/icomoon-icons/IcoMoon-Free-master/SVG/090-mobile2.svg", "XML", 5, 0, 0, 0, 0, 0, 0, 1, 1, 7
"/Users/sebastianwebster/GitHub/social-media-platform/assets/icomoon-icons/IcoMoon-Free-master/SVG/091-tablet.svg", "XML", 5, 0, 0, 0, 0, 0, 0, 1, 1, 7
"/Users/sebastianwebster/GitHub/social-media-platform/assets/icomoon-icons/IcoMoon-Free-master/SVG/092-tv.svg", "XML", 5, 0, 0, 0, 0, 0, 0, 1, 1, 7
"/Users/sebastianwebster/GitHub/social-media-platform/assets/icomoon-icons/IcoMoon-Free-master/SVG/093-drawer.svg", "XML", 7, 0, 0, 0, 0, 0, 0, 1, 1, 9
"/Users/sebastianwebster/GitHub/social-media-platform/assets/icomoon-icons/IcoMoon-Free-master/SVG/094-drawer2.svg", "XML", 5, 0, 0, 0, 0, 0, 0, 1, 1, 7
"/Users/sebastianwebster/GitHub/social-media-platform/assets/icomoon-icons/IcoMoon-Free-master/SVG/095-box-add.svg", "XML", 5, 0, 0, 0, 0, 0, 0, 1, 1, 7
"/Users/sebastianwebster/GitHub/social-media-platform/assets/icomoon-icons/IcoMoon-Free-master/SVG/096-box-remove.svg", "XML", 5, 0, 0, 0, 0, 0, 0, 1, 1, 7
"/Users/sebastianwebster/GitHub/social-media-platform/assets/icomoon-icons/IcoMoon-Free-master/SVG/097-download.svg", "XML", 5, 0, 0, 0, 0, 0, 0, 1, 1, 7
"/Users/sebastianwebster/GitHub/social-media-platform/assets/icomoon-icons/IcoMoon-Free-master/SVG/098-upload.svg", "XML", 5, 0, 0, 0, 0, 0, 0, 1, 1, 7
"/Users/sebastianwebster/GitHub/social-media-platform/assets/icomoon-icons/IcoMoon-Free-master/SVG/099-floppy-disk.svg", "XML", 5, 0, 0, 0, 0, 0, 0, 1, 1, 7
"/Users/sebastianwebster/GitHub/social-media-platform/assets/icomoon-icons/IcoMoon-Free-master/SVG/100-drive.svg", "XML", 5, 0, 0, 0, 0, 0, 0, 1, 1, 7
"/Users/sebastianwebster/GitHub/social-media-platform/assets/icomoon-icons/IcoMoon-Free-master/SVG/101-database.svg", "XML", 7, 0, 0, 0, 0, 0, 0, 1, 1, 9
"/Users/sebastianwebster/GitHub/social-media-platform/assets/icomoon-icons/IcoMoon-Free-master/SVG/102-undo.svg", "XML", 5, 0, 0, 0, 0, 0, 0, 1, 1, 7
"/Users/sebastianwebster/GitHub/social-media-platform/assets/icomoon-icons/IcoMoon-Free-master/SVG/103-redo.svg", "XML", 5, 0, 0, 0, 0, 0, 0, 1, 1, 7
"/Users/sebastianwebster/GitHub/social-media-platform/assets/icomoon-icons/IcoMoon-Free-master/SVG/104-undo2.svg", "XML", 5, 0, 0, 0, 0, 0, 0, 1, 1, 7
"/Users/sebastianwebster/GitHub/social-media-platform/assets/icomoon-icons/IcoMoon-Free-master/SVG/105-redo2.svg", "XML", 5, 0, 0, 0, 0, 0, 0, 1, 1, 7
"/Users/sebastianwebster/GitHub/social-media-platform/assets/icomoon-icons/IcoMoon-Free-master/SVG/106-forward.svg", "XML", 5, 0, 0, 0, 0, 0, 0, 1, 1, 7
"/Users/sebastianwebster/GitHub/social-media-platform/assets/icomoon-icons/IcoMoon-Free-master/SVG/107-reply.svg", "XML", 5, 0, 0, 0, 0, 0, 0, 1, 1, 7
"/Users/sebastianwebster/GitHub/social-media-platform/assets/icomoon-icons/IcoMoon-Free-master/SVG/108-bubble.svg", "XML", 5, 0, 0, 0, 0, 0, 0, 1, 1, 7
"/Users/sebastianwebster/GitHub/social-media-platform/assets/icomoon-icons/IcoMoon-Free-master/SVG/109-bubbles.svg", "XML", 5, 0, 0, 0, 0, 0, 0, 1, 1, 7
"/Users/sebastianwebster/GitHub/social-media-platform/assets/icomoon-icons/IcoMoon-Free-master/SVG/110-bubbles2.svg", "XML", 5, 0, 0, 0, 0, 0, 0, 1, 1, 7
"/Users/sebastianwebster/GitHub/social-media-platform/assets/icomoon-icons/IcoMoon-Free-master/SVG/111-bubble2.svg", "XML", 5, 0, 0, 0, 0, 0, 0, 1, 1, 7
"/Users/sebastianwebster/GitHub/social-media-platform/assets/icomoon-icons/IcoMoon-Free-master/SVG/112-bubbles3.svg", "XML", 5, 0, 0, 0, 0, 0, 0, 1, 1, 7
"/Users/sebastianwebster/GitHub/social-media-platform/assets/icomoon-icons/IcoMoon-Free-master/SVG/113-bubbles4.svg", "XML", 5, 0, 0, 0, 0, 0, 0, 1, 1, 7
"/Users/sebastianwebster/GitHub/social-media-platform/assets/icomoon-icons/IcoMoon-Free-master/SVG/114-user.svg", "XML", 5, 0, 0, 0, 0, 0, 0, 1, 1, 7
"/Users/sebastianwebster/GitHub/social-media-platform/assets/icomoon-icons/IcoMoon-Free-master/SVG/115-users.svg", "XML", 6, 0, 0, 0, 0, 0, 0, 1, 1, 8
"/Users/sebastianwebster/GitHub/social-media-platform/assets/icomoon-icons/IcoMoon-Free-master/SVG/116-user-plus.svg", "XML", 6, 0, 0, 0, 0, 0, 0, 1, 1, 8
"/Users/sebastianwebster/GitHub/social-media-platform/assets/icomoon-icons/IcoMoon-Free-master/SVG/117-user-minus.svg", "XML", 6, 0, 0, 0, 0, 0, 0, 1, 1, 8
"/Users/sebastianwebster/GitHub/social-media-platform/assets/icomoon-icons/IcoMoon-Free-master/SVG/118-user-check.svg", "XML", 6, 0, 0, 0, 0, 0, 0, 1, 1, 8
"/Users/sebastianwebster/GitHub/social-media-platform/assets/icomoon-icons/IcoMoon-Free-master/SVG/119-user-tie.svg", "XML", 5, 0, 0, 0, 0, 0, 0, 1, 1, 7
"/Users/sebastianwebster/GitHub/social-media-platform/assets/icomoon-icons/IcoMoon-Free-master/SVG/120-quotes-left.svg", "XML", 5, 0, 0, 0, 0, 0, 0, 1, 1, 7
"/Users/sebastianwebster/GitHub/social-media-platform/assets/icomoon-icons/IcoMoon-Free-master/SVG/121-quotes-right.svg", "XML", 5, 0, 0, 0, 0, 0, 0, 1, 1, 7
"/Users/sebastianwebster/GitHub/social-media-platform/assets/icomoon-icons/IcoMoon-Free-master/SVG/122-hour-glass.svg", "XML", 5, 0, 0, 0, 0, 0, 0, 1, 1, 7
"/Users/sebastianwebster/GitHub/social-media-platform/assets/icomoon-icons/IcoMoon-Free-master/SVG/123-spinner.svg", "XML", 5, 0, 0, 0, 0, 0, 0, 1, 1, 7
"/Users/sebastianwebster/GitHub/social-media-platform/assets/icomoon-icons/IcoMoon-Free-master/SVG/124-spinner2.svg", "XML", 5, 0, 0, 0, 0, 0, 0, 1, 1, 7
"/Users/sebastianwebster/GitHub/social-media-platform/assets/icomoon-icons/IcoMoon-Free-master/SVG/125-spinner3.svg", "XML", 16, 0, 0, 0, 0, 0, 0, 1, 1, 18
"/Users/sebastianwebster/GitHub/social-media-platform/assets/icomoon-icons/IcoMoon-Free-master/SVG/126-spinner4.svg", "XML", 5, 0, 0, 0, 0, 0, 0, 1, 1, 7
"/Users/sebastianwebster/GitHub/social-media-platform/assets/icomoon-icons/IcoMoon-Free-master/SVG/127-spinner5.svg", "XML", 5, 0, 0, 0, 0, 0, 0, 1, 1, 7
"/Users/sebastianwebster/GitHub/social-media-platform/assets/icomoon-icons/IcoMoon-Free-master/SVG/128-spinner6.svg", "XML", 5, 0, 0, 0, 0, 0, 0, 1, 1, 7
"/Users/sebastianwebster/GitHub/social-media-platform/assets/icomoon-icons/IcoMoon-Free-master/SVG/129-spinner7.svg", "XML", 5, 0, 0, 0, 0, 0, 0, 1, 1, 7
"/Users/sebastianwebster/GitHub/social-media-platform/assets/icomoon-icons/IcoMoon-Free-master/SVG/130-spinner8.svg", "XML", 5, 0, 0, 0, 0, 0, 0, 1, 1, 7
"/Users/sebastianwebster/GitHub/social-media-platform/assets/icomoon-icons/IcoMoon-Free-master/SVG/131-spinner9.svg", "XML", 5, 0, 0, 0, 0, 0, 0, 1, 1, 7
"/Users/sebastianwebster/GitHub/social-media-platform/assets/icomoon-icons/IcoMoon-Free-master/SVG/132-spinner10.svg", "XML", 5, 0, 0, 0, 0, 0, 0, 1, 1, 7
"/Users/sebastianwebster/GitHub/social-media-platform/assets/icomoon-icons/IcoMoon-Free-master/SVG/133-spinner11.svg", "XML", 5, 0, 0, 0, 0, 0, 0, 1, 1, 7
"/Users/sebastianwebster/GitHub/social-media-platform/assets/icomoon-icons/IcoMoon-Free-master/SVG/134-binoculars.svg", "XML", 5, 0, 0, 0, 0, 0, 0, 1, 1, 7
"/Users/sebastianwebster/GitHub/social-media-platform/assets/icomoon-icons/IcoMoon-Free-master/SVG/135-search.svg", "XML", 5, 0, 0, 0, 0, 0, 0, 1, 1, 7
"/Users/sebastianwebster/GitHub/social-media-platform/assets/icomoon-icons/IcoMoon-Free-master/SVG/136-zoom-in.svg", "XML", 5, 0, 0, 0, 0, 0, 0, 1, 1, 7
"/Users/sebastianwebster/GitHub/social-media-platform/assets/icomoon-icons/IcoMoon-Free-master/SVG/137-zoom-out.svg", "XML", 5, 0, 0, 0, 0, 0, 0, 1, 1, 7
"/Users/sebastianwebster/GitHub/social-media-platform/assets/icomoon-icons/IcoMoon-Free-master/SVG/138-enlarge.svg", "XML", 8, 0, 0, 0, 0, 0, 0, 1, 1, 10
"/Users/sebastianwebster/GitHub/social-media-platform/assets/icomoon-icons/IcoMoon-Free-master/SVG/139-shrink.svg", "XML", 8, 0, 0, 0, 0, 0, 0, 1, 1, 10
"/Users/sebastianwebster/GitHub/social-media-platform/assets/icomoon-icons/IcoMoon-Free-master/SVG/140-enlarge2.svg", "XML", 5, 0, 0, 0, 0, 0, 0, 1, 1, 7
"/Users/sebastianwebster/GitHub/social-media-platform/assets/icomoon-icons/IcoMoon-Free-master/SVG/141-shrink2.svg", "XML", 5, 0, 0, 0, 0, 0, 0, 1, 1, 7
"/Users/sebastianwebster/GitHub/social-media-platform/assets/icomoon-icons/IcoMoon-Free-master/SVG/142-key.svg", "XML", 5, 0, 0, 0, 0, 0, 0, 1, 1, 7
"/Users/sebastianwebster/GitHub/social-media-platform/assets/icomoon-icons/IcoMoon-Free-master/SVG/143-key2.svg", "XML", 5, 0, 0, 0, 0, 0, 0, 1, 1, 7
"/Users/sebastianwebster/GitHub/social-media-platform/assets/icomoon-icons/IcoMoon-Free-master/SVG/144-lock.svg", "XML", 5, 0, 0, 0, 0, 0, 0, 1, 1, 7
"/Users/sebastianwebster/GitHub/social-media-platform/assets/icomoon-icons/IcoMoon-Free-master/SVG/145-unlocked.svg", "XML", 5, 0, 0, 0, 0, 0, 0, 1, 1, 7
"/Users/sebastianwebster/GitHub/social-media-platform/assets/icomoon-icons/IcoMoon-Free-master/SVG/146-wrench.svg", "XML", 5, 0, 0, 0, 0, 0, 0, 1, 1, 7
"/Users/sebastianwebster/GitHub/social-media-platform/assets/icomoon-icons/IcoMoon-Free-master/SVG/147-equalizer.svg", "XML", 5, 0, 0, 0, 0, 0, 0, 1, 1, 7
"/Users/sebastianwebster/GitHub/social-media-platform/assets/icomoon-icons/IcoMoon-Free-master/SVG/148-equalizer2.svg", "XML", 5, 0, 0, 0, 0, 0, 0, 1, 1, 7
"/Users/sebastianwebster/GitHub/social-media-platform/assets/icomoon-icons/IcoMoon-Free-master/SVG/149-cog.svg", "XML", 5, 0, 0, 0, 0, 0, 0, 1, 1, 7
"/Users/sebastianwebster/GitHub/social-media-platform/assets/icomoon-icons/IcoMoon-Free-master/SVG/150-cogs.svg", "XML", 5, 0, 0, 0, 0, 0, 0, 1, 1, 7
"/Users/sebastianwebster/GitHub/social-media-platform/assets/icomoon-icons/IcoMoon-Free-master/SVG/151-hammer.svg", "XML", 5, 0, 0, 0, 0, 0, 0, 1, 1, 7
"/Users/sebastianwebster/GitHub/social-media-platform/assets/icomoon-icons/IcoMoon-Free-master/SVG/152-magic-wand.svg", "XML", 5, 0, 0, 0, 0, 0, 0, 1, 1, 7
"/Users/sebastianwebster/GitHub/social-media-platform/assets/icomoon-icons/IcoMoon-Free-master/SVG/153-aid-kit.svg", "XML", 5, 0, 0, 0, 0, 0, 0, 1, 1, 7
"/Users/sebastianwebster/GitHub/social-media-platform/assets/icomoon-icons/IcoMoon-Free-master/SVG/154-bug.svg", "XML", 5, 0, 0, 0, 0, 0, 0, 1, 1, 7
"/Users/sebastianwebster/GitHub/social-media-platform/assets/icomoon-icons/IcoMoon-Free-master/SVG/155-pie-chart.svg", "XML", 5, 0, 0, 0, 0, 0, 0, 1, 1, 7
"/Users/sebastianwebster/GitHub/social-media-platform/assets/icomoon-icons/IcoMoon-Free-master/SVG/156-stats-dots.svg", "XML", 5, 0, 0, 0, 0, 0, 0, 1, 1, 7
"/Users/sebastianwebster/GitHub/social-media-platform/assets/icomoon-icons/IcoMoon-Free-master/SVG/157-stats-bars.svg", "XML", 5, 0, 0, 0, 0, 0, 0, 1, 1, 7
"/Users/sebastianwebster/GitHub/social-media-platform/assets/icomoon-icons/IcoMoon-Free-master/SVG/158-stats-bars2.svg", "XML", 5, 0, 0, 0, 0, 0, 0, 1, 1, 7
"/Users/sebastianwebster/GitHub/social-media-platform/assets/icomoon-icons/IcoMoon-Free-master/SVG/159-trophy.svg", "XML", 5, 0, 0, 0, 0, 0, 0, 1, 1, 7
"/Users/sebastianwebster/GitHub/social-media-platform/assets/icomoon-icons/IcoMoon-Free-master/SVG/160-gift.svg", "XML", 5, 0, 0, 0, 0, 0, 0, 1, 1, 7
"/Users/sebastianwebster/GitHub/social-media-platform/assets/icomoon-icons/IcoMoon-Free-master/SVG/161-glass.svg", "XML", 5, 0, 0, 0, 0, 0, 0, 1, 1, 7
"/Users/sebastianwebster/GitHub/social-media-platform/assets/icomoon-icons/IcoMoon-Free-master/SVG/162-glass2.svg", "XML", 5, 0, 0, 0, 0, 0, 0, 1, 1, 7
"/Users/sebastianwebster/GitHub/social-media-platform/assets/icomoon-icons/IcoMoon-Free-master/SVG/163-mug.svg", "XML", 5, 0, 0, 0, 0, 0, 0, 1, 1, 7
"/Users/sebastianwebster/GitHub/social-media-platform/assets/icomoon-icons/IcoMoon-Free-master/SVG/164-spoon-knife.svg", "XML", 5, 0, 0, 0, 0, 0, 0, 1, 1, 7
"/Users/sebastianwebster/GitHub/social-media-platform/assets/icomoon-icons/IcoMoon-Free-master/SVG/165-leaf.svg", "XML", 5, 0, 0, 0, 0, 0, 0, 1, 1, 7
"/Users/sebastianwebster/GitHub/social-media-platform/assets/icomoon-icons/IcoMoon-Free-master/SVG/166-rocket.svg", "XML", 5, 0, 0, 0, 0, 0, 0, 1, 1, 7
"/Users/sebastianwebster/GitHub/social-media-platform/assets/icomoon-icons/IcoMoon-Free-master/SVG/167-meter.svg", "XML", 5, 0, 0, 0, 0, 0, 0, 1, 1, 7
"/Users/sebastianwebster/GitHub/social-media-platform/assets/icomoon-icons/IcoMoon-Free-master/SVG/168-meter2.svg", "XML", 5, 0, 0, 0, 0, 0, 0, 1, 1, 7
"/Users/sebastianwebster/GitHub/social-media-platform/assets/icomoon-icons/IcoMoon-Free-master/SVG/169-hammer2.svg", "XML", 5, 0, 0, 0, 0, 0, 0, 1, 1, 7
"/Users/sebastianwebster/GitHub/social-media-platform/assets/icomoon-icons/IcoMoon-Free-master/SVG/170-fire.svg", "XML", 5, 0, 0, 0, 0, 0, 0, 1, 1, 7
"/Users/sebastianwebster/GitHub/social-media-platform/assets/icomoon-icons/IcoMoon-Free-master/SVG/171-lab.svg", "XML", 5, 0, 0, 0, 0, 0, 0, 1, 1, 7
"/Users/sebastianwebster/GitHub/social-media-platform/assets/icomoon-icons/IcoMoon-Free-master/SVG/172-magnet.svg", "XML", 5, 0, 0, 0, 0, 0, 0, 1, 1, 7
"/Users/sebastianwebster/GitHub/social-media-platform/assets/icomoon-icons/IcoMoon-Free-master/SVG/173-bin.svg", "XML", 6, 0, 0, 0, 0, 0, 0, 1, 1, 8
"/Users/sebastianwebster/GitHub/social-media-platform/assets/icomoon-icons/IcoMoon-Free-master/SVG/174-bin2.svg", "XML", 5, 0, 0, 0, 0, 0, 0, 1, 1, 7
"/Users/sebastianwebster/GitHub/social-media-platform/assets/icomoon-icons/IcoMoon-Free-master/SVG/175-briefcase.svg", "XML", 5, 0, 0, 0, 0, 0, 0, 1, 1, 7
"/Users/sebastianwebster/GitHub/social-media-platform/assets/icomoon-icons/IcoMoon-Free-master/SVG/176-airplane.svg", "XML", 5, 0, 0, 0, 0, 0, 0, 1, 1, 7
"/Users/sebastianwebster/GitHub/social-media-platform/assets/icomoon-icons/IcoMoon-Free-master/SVG/177-truck.svg", "XML", 5, 0, 0, 0, 0, 0, 0, 1, 1, 7
"/Users/sebastianwebster/GitHub/social-media-platform/assets/icomoon-icons/IcoMoon-Free-master/SVG/178-road.svg", "XML", 5, 0, 0, 0, 0, 0, 0, 1, 1, 7
"/Users/sebastianwebster/GitHub/social-media-platform/assets/icomoon-icons/IcoMoon-Free-master/SVG/179-accessibility.svg", "XML", 6, 0, 0, 0, 0, 0, 0, 1, 1, 8
"/Users/sebastianwebster/GitHub/social-media-platform/assets/icomoon-icons/IcoMoon-Free-master/SVG/180-target.svg", "XML", 5, 0, 0, 0, 0, 0, 0, 1, 1, 7
"/Users/sebastianwebster/GitHub/social-media-platform/assets/icomoon-icons/IcoMoon-Free-master/SVG/181-shield.svg", "XML", 5, 0, 0, 0, 0, 0, 0, 1, 1, 7
"/Users/sebastianwebster/GitHub/social-media-platform/assets/icomoon-icons/IcoMoon-Free-master/SVG/182-power.svg", "XML", 5, 0, 0, 0, 0, 0, 0, 1, 1, 7
"/Users/sebastianwebster/GitHub/social-media-platform/assets/icomoon-icons/IcoMoon-Free-master/SVG/183-switch.svg", "XML", 5, 0, 0, 0, 0, 0, 0, 1, 1, 7
"/Users/sebastianwebster/GitHub/social-media-platform/assets/icomoon-icons/IcoMoon-Free-master/SVG/184-power-cord.svg", "XML", 6, 0, 0, 0, 0, 0, 0, 1, 1, 8
"/Users/sebastianwebster/GitHub/social-media-platform/assets/icomoon-icons/IcoMoon-Free-master/SVG/185-clipboard.svg", "XML", 6, 0, 0, 0, 0, 0, 0, 1, 1, 8
"/Users/sebastianwebster/GitHub/social-media-platform/assets/icomoon-icons/IcoMoon-Free-master/SVG/186-list-numbered.svg", "XML", 5, 0, 0, 0, 0, 0, 0, 1, 1, 7
"/Users/sebastianwebster/GitHub/social-media-platform/assets/icomoon-icons/IcoMoon-Free-master/SVG/187-list.svg", "XML", 5, 0, 0, 0, 0, 0, 0, 1, 1, 7
"/Users/sebastianwebster/GitHub/social-media-platform/assets/icomoon-icons/IcoMoon-Free-master/SVG/188-list2.svg", "XML", 5, 0, 0, 0, 0, 0, 0, 1, 1, 7
"/Users/sebastianwebster/GitHub/social-media-platform/assets/icomoon-icons/IcoMoon-Free-master/SVG/189-tree.svg", "XML", 5, 0, 0, 0, 0, 0, 0, 1, 1, 7
"/Users/sebastianwebster/GitHub/social-media-platform/assets/icomoon-icons/IcoMoon-Free-master/SVG/190-menu.svg", "XML", 5, 0, 0, 0, 0, 0, 0, 1, 1, 7
"/Users/sebastianwebster/GitHub/social-media-platform/assets/icomoon-icons/IcoMoon-Free-master/SVG/191-menu2.svg", "XML", 7, 0, 0, 0, 0, 0, 0, 1, 1, 9
"/Users/sebastianwebster/GitHub/social-media-platform/assets/icomoon-icons/IcoMoon-Free-master/SVG/192-menu3.svg", "XML", 6, 0, 0, 0, 0, 0, 0, 1, 1, 8
"/Users/sebastianwebster/GitHub/social-media-platform/assets/icomoon-icons/IcoMoon-Free-master/SVG/193-menu4.svg", "XML", 6, 0, 0, 0, 0, 0, 0, 1, 1, 8
"/Users/sebastianwebster/GitHub/social-media-platform/assets/icomoon-icons/IcoMoon-Free-master/SVG/194-cloud.svg", "XML", 5, 0, 0, 0, 0, 0, 0, 1, 1, 7
"/Users/sebastianwebster/GitHub/social-media-platform/assets/icomoon-icons/IcoMoon-Free-master/SVG/195-cloud-download.svg", "XML", 5, 0, 0, 0, 0, 0, 0, 1, 1, 7
"/Users/sebastianwebster/GitHub/social-media-platform/assets/icomoon-icons/IcoMoon-Free-master/SVG/196-cloud-upload.svg", "XML", 5, 0, 0, 0, 0, 0, 0, 1, 1, 7
"/Users/sebastianwebster/GitHub/social-media-platform/assets/icomoon-icons/IcoMoon-Free-master/SVG/197-cloud-check.svg", "XML", 5, 0, 0, 0, 0, 0, 0, 1, 1, 7
"/Users/sebastianwebster/GitHub/social-media-platform/assets/icomoon-icons/IcoMoon-Free-master/SVG/198-download2.svg", "XML", 5, 0, 0, 0, 0, 0, 0, 1, 1, 7
"/Users/sebastianwebster/GitHub/social-media-platform/assets/icomoon-icons/IcoMoon-Free-master/SVG/199-upload2.svg", "XML", 5, 0, 0, 0, 0, 0, 0, 1, 1, 7
"/Users/sebastianwebster/GitHub/social-media-platform/assets/icomoon-icons/IcoMoon-Free-master/SVG/200-download3.svg", "XML", 5, 0, 0, 0, 0, 0, 0, 1, 1, 7
"/Users/sebastianwebster/GitHub/social-media-platform/assets/icomoon-icons/IcoMoon-Free-master/SVG/201-upload3.svg", "XML", 5, 0, 0, 0, 0, 0, 0, 1, 1, 7
"/Users/sebastianwebster/GitHub/social-media-platform/assets/icomoon-icons/IcoMoon-Free-master/SVG/202-sphere.svg", "XML", 5, 0, 0, 0, 0, 0, 0, 1, 1, 7
"/Users/sebastianwebster/GitHub/social-media-platform/assets/icomoon-icons/IcoMoon-Free-master/SVG/203-earth.svg", "XML", 5, 0, 0, 0, 0, 0, 0, 1, 1, 7
"/Users/sebastianwebster/GitHub/social-media-platform/assets/icomoon-icons/IcoMoon-Free-master/SVG/204-link.svg", "XML", 6, 0, 0, 0, 0, 0, 0, 1, 1, 8
"/Users/sebastianwebster/GitHub/social-media-platform/assets/icomoon-icons/IcoMoon-Free-master/SVG/205-flag.svg", "XML", 7, 0, 0, 0, 0, 0, 0, 1, 1, 9
"/Users/sebastianwebster/GitHub/social-media-platform/assets/icomoon-icons/IcoMoon-Free-master/SVG/206-attachment.svg", "XML", 5, 0, 0, 0, 0, 0, 0, 1, 1, 7
"/Users/sebastianwebster/GitHub/social-media-platform/assets/icomoon-icons/IcoMoon-Free-master/SVG/207-eye.svg", "XML", 5, 0, 0, 0, 0, 0, 0, 1, 1, 7
"/Users/sebastianwebster/GitHub/social-media-platform/assets/icomoon-icons/IcoMoon-Free-master/SVG/208-eye-plus.svg", "XML", 6, 0, 0, 0, 0, 0, 0, 1, 1, 8
"/Users/sebastianwebster/GitHub/social-media-platform/assets/icomoon-icons/IcoMoon-Free-master/SVG/209-eye-minus.svg", "XML", 6, 0, 0, 0, 0, 0, 0, 1, 1, 8
"/Users/sebastianwebster/GitHub/social-media-platform/assets/icomoon-icons/IcoMoon-Free-master/SVG/210-eye-blocked.svg", "XML", 7, 0, 0, 0, 0, 0, 0, 1, 1, 9
"/Users/sebastianwebster/GitHub/social-media-platform/assets/icomoon-icons/IcoMoon-Free-master/SVG/211-bookmark.svg", "XML", 5, 0, 0, 0, 0, 0, 0, 1, 1, 7
"/Users/sebastianwebster/GitHub/social-media-platform/assets/icomoon-icons/IcoMoon-Free-master/SVG/212-bookmarks.svg", "XML", 5, 0, 0, 0, 0, 0, 0, 1, 1, 7
"/Users/sebastianwebster/GitHub/social-media-platform/assets/icomoon-icons/IcoMoon-Free-master/SVG/213-sun.svg", "XML", 6, 0, 0, 0, 0, 0, 0, 1, 1, 8
"/Users/sebastianwebster/GitHub/social-media-platform/assets/icomoon-icons/IcoMoon-Free-master/SVG/214-contrast.svg", "XML", 5, 0, 0, 0, 0, 0, 0, 1, 1, 7
"/Users/sebastianwebster/GitHub/social-media-platform/assets/icomoon-icons/IcoMoon-Free-master/SVG/215-brightness-contrast.svg", "XML", 5, 0, 0, 0, 0, 0, 0, 1, 1, 7
"/Users/sebastianwebster/GitHub/social-media-platform/assets/icomoon-icons/IcoMoon-Free-master/SVG/216-star-empty.svg", "XML", 5, 0, 0, 0, 0, 0, 0, 1, 1, 7
"/Users/sebastianwebster/GitHub/social-media-platform/assets/icomoon-icons/IcoMoon-Free-master/SVG/217-star-half.svg", "XML", 5, 0, 0, 0, 0, 0, 0, 1, 1, 7
"/Users/sebastianwebster/GitHub/social-media-platform/assets/icomoon-icons/IcoMoon-Free-master/SVG/218-star-full.svg", "XML", 5, 0, 0, 0, 0, 0, 0, 1, 1, 7
"/Users/sebastianwebster/GitHub/social-media-platform/assets/icomoon-icons/IcoMoon-Free-master/SVG/219-heart.svg", "XML", 5, 0, 0, 0, 0, 0, 0, 1, 1, 7
"/Users/sebastianwebster/GitHub/social-media-platform/assets/icomoon-icons/IcoMoon-Free-master/SVG/220-heart-broken.svg", "XML", 5, 0, 0, 0, 0, 0, 0, 1, 1, 7
"/Users/sebastianwebster/GitHub/social-media-platform/assets/icomoon-icons/IcoMoon-Free-master/SVG/221-man.svg", "XML", 6, 0, 0, 0, 0, 0, 0, 1, 1, 8
"/Users/sebastianwebster/GitHub/social-media-platform/assets/icomoon-icons/IcoMoon-Free-master/SVG/222-woman.svg", "XML", 6, 0, 0, 0, 0, 0, 0, 1, 1, 8
"/Users/sebastianwebster/GitHub/social-media-platform/assets/icomoon-icons/IcoMoon-Free-master/SVG/223-man-woman.svg", "XML", 8, 0, 0, 0, 0, 0, 0, 1, 1, 10
"/Users/sebastianwebster/GitHub/social-media-platform/assets/icomoon-icons/IcoMoon-Free-master/SVG/224-happy.svg", "XML", 5, 0, 0, 0, 0, 0, 0, 1, 1, 7
"/Users/sebastianwebster/GitHub/social-media-platform/assets/icomoon-icons/IcoMoon-Free-master/SVG/225-happy2.svg", "XML", 5, 0, 0, 0, 0, 0, 0, 1, 1, 7
"/Users/sebastianwebster/GitHub/social-media-platform/assets/icomoon-icons/IcoMoon-Free-master/SVG/226-smile.svg", "XML", 5, 0, 0, 0, 0, 0, 0, 1, 1, 7
"/Users/sebastianwebster/GitHub/social-media-platform/assets/icomoon-icons/IcoMoon-Free-master/SVG/227-smile2.svg", "XML", 5, 0, 0, 0, 0, 0, 0, 1, 1, 7
"/Users/sebastianwebster/GitHub/social-media-platform/assets/icomoon-icons/IcoMoon-Free-master/SVG/228-tongue.svg", "XML", 5, 0, 0, 0, 0, 0, 0, 1, 1, 7
"/Users/sebastianwebster/GitHub/social-media-platform/assets/icomoon-icons/IcoMoon-Free-master/SVG/229-tongue2.svg", "XML", 5, 0, 0, 0, 0, 0, 0, 1, 1, 7
"/Users/sebastianwebster/GitHub/social-media-platform/assets/icomoon-icons/IcoMoon-Free-master/SVG/230-sad.svg", "XML", 5, 0, 0, 0, 0, 0, 0, 1, 1, 7
"/Users/sebastianwebster/GitHub/social-media-platform/assets/icomoon-icons/IcoMoon-Free-master/SVG/231-sad2.svg", "XML", 5, 0, 0, 0, 0, 0, 0, 1, 1, 7
"/Users/sebastianwebster/GitHub/social-media-platform/assets/icomoon-icons/IcoMoon-Free-master/SVG/232-wink.svg", "XML", 5, 0, 0, 0, 0, 0, 0, 1, 1, 7
"/Users/sebastianwebster/GitHub/social-media-platform/assets/icomoon-icons/IcoMoon-Free-master/SVG/233-wink2.svg", "XML", 5, 0, 0, 0, 0, 0, 0, 1, 1, 7
"/Users/sebastianwebster/GitHub/social-media-platform/assets/icomoon-icons/IcoMoon-Free-master/SVG/234-grin.svg", "XML", 5, 0, 0, 0, 0, 0, 0, 1, 1, 7
"/Users/sebastianwebster/GitHub/social-media-platform/assets/icomoon-icons/IcoMoon-Free-master/SVG/235-grin2.svg", "XML", 5, 0, 0, 0, 0, 0, 0, 1, 1, 7
"/Users/sebastianwebster/GitHub/social-media-platform/assets/icomoon-icons/IcoMoon-Free-master/SVG/236-cool.svg", "XML", 5, 0, 0, 0, 0, 0, 0, 1, 1, 7
"/Users/sebastianwebster/GitHub/social-media-platform/assets/icomoon-icons/IcoMoon-Free-master/SVG/237-cool2.svg", "XML", 5, 0, 0, 0, 0, 0, 0, 1, 1, 7
"/Users/sebastianwebster/GitHub/social-media-platform/assets/icomoon-icons/IcoMoon-Free-master/SVG/238-angry.svg", "XML", 5, 0, 0, 0, 0, 0, 0, 1, 1, 7
"/Users/sebastianwebster/GitHub/social-media-platform/assets/icomoon-icons/IcoMoon-Free-master/SVG/239-angry2.svg", "XML", 5, 0, 0, 0, 0, 0, 0, 1, 1, 7
"/Users/sebastianwebster/GitHub/social-media-platform/assets/icomoon-icons/IcoMoon-Free-master/SVG/240-evil.svg", "XML", 5, 0, 0, 0, 0, 0, 0, 1, 1, 7
"/Users/sebastianwebster/GitHub/social-media-platform/assets/icomoon-icons/IcoMoon-Free-master/SVG/241-evil2.svg", "XML", 5, 0, 0, 0, 0, 0, 0, 1, 1, 7
"/Users/sebastianwebster/GitHub/social-media-platform/assets/icomoon-icons/IcoMoon-Free-master/SVG/242-shocked.svg", "XML", 5, 0, 0, 0, 0, 0, 0, 1, 1, 7
"/Users/sebastianwebster/GitHub/social-media-platform/assets/icomoon-icons/IcoMoon-Free-master/SVG/243-shocked2.svg", "XML", 5, 0, 0, 0, 0, 0, 0, 1, 1, 7
"/Users/sebastianwebster/GitHub/social-media-platform/assets/icomoon-icons/IcoMoon-Free-master/SVG/244-baffled.svg", "XML", 10, 0, 0, 0, 0, 0, 0, 1, 1, 12
"/Users/sebastianwebster/GitHub/social-media-platform/assets/icomoon-icons/IcoMoon-Free-master/SVG/245-baffled2.svg", "XML", 7, 0, 0, 0, 0, 0, 0, 1, 1, 9
"/Users/sebastianwebster/GitHub/social-media-platform/assets/icomoon-icons/IcoMoon-Free-master/SVG/246-confused.svg", "XML", 5, 0, 0, 0, 0, 0, 0, 1, 1, 7
"/Users/sebastianwebster/GitHub/social-media-platform/assets/icomoon-icons/IcoMoon-Free-master/SVG/247-confused2.svg", "XML", 5, 0, 0, 0, 0, 0, 0, 1, 1, 7
"/Users/sebastianwebster/GitHub/social-media-platform/assets/icomoon-icons/IcoMoon-Free-master/SVG/248-neutral.svg", "XML", 5, 0, 0, 0, 0, 0, 0, 1, 1, 7
"/Users/sebastianwebster/GitHub/social-media-platform/assets/icomoon-icons/IcoMoon-Free-master/SVG/249-neutral2.svg", "XML", 5, 0, 0, 0, 0, 0, 0, 1, 1, 7
"/Users/sebastianwebster/GitHub/social-media-platform/assets/icomoon-icons/IcoMoon-Free-master/SVG/250-hipster.svg", "XML", 7, 0, 0, 0, 0, 0, 0, 1, 1, 9
"/Users/sebastianwebster/GitHub/social-media-platform/assets/icomoon-icons/IcoMoon-Free-master/SVG/251-hipster2.svg", "XML", 5, 0, 0, 0, 0, 0, 0, 1, 1, 7
"/Users/sebastianwebster/GitHub/social-media-platform/assets/icomoon-icons/IcoMoon-Free-master/SVG/252-wondering.svg", "XML", 5, 0, 0, 0, 0, 0, 0, 1, 1, 7
"/Users/sebastianwebster/GitHub/social-media-platform/assets/icomoon-icons/IcoMoon-Free-master/SVG/253-wondering2.svg", "XML", 5, 0, 0, 0, 0, 0, 0, 1, 1, 7
"/Users/sebastianwebster/GitHub/social-media-platform/assets/icomoon-icons/IcoMoon-Free-master/SVG/254-sleepy.svg", "XML", 8, 0, 0, 0, 0, 0, 0, 1, 1, 10
"/Users/sebastianwebster/GitHub/social-media-platform/assets/icomoon-icons/IcoMoon-Free-master/SVG/255-sleepy2.svg", "XML", 5, 0, 0, 0, 0, 0, 0, 1, 1, 7
"/Users/sebastianwebster/GitHub/social-media-platform/assets/icomoon-icons/IcoMoon-Free-master/SVG/256-frustrated.svg", "XML", 7, 0, 0, 0, 0, 0, 0, 1, 1, 9
"/Users/sebastianwebster/GitHub/social-media-platform/assets/icomoon-icons/IcoMoon-Free-master/SVG/257-frustrated2.svg", "XML", 8, 0, 0, 0, 0, 0, 0, 1, 1, 10
"/Users/sebastianwebster/GitHub/social-media-platform/assets/icomoon-icons/IcoMoon-Free-master/SVG/258-crying.svg", "XML", 12, 0, 0, 0, 0, 0, 0, 1, 1, 14
"/Users/sebastianwebster/GitHub/social-media-platform/assets/icomoon-icons/IcoMoon-Free-master/SVG/259-crying2.svg", "XML", 5, 0, 0, 0, 0, 0, 0, 1, 1, 7
"/Users/sebastianwebster/GitHub/social-media-platform/assets/icomoon-icons/IcoMoon-Free-master/SVG/260-point-up.svg", "XML", 5, 0, 0, 0, 0, 0, 0, 1, 1, 7
"/Users/sebastianwebster/GitHub/social-media-platform/assets/icomoon-icons/IcoMoon-Free-master/SVG/261-point-right.svg", "XML", 5, 0, 0, 0, 0, 0, 0, 1, 1, 7
"/Users/sebastianwebster/GitHub/social-media-platform/assets/icomoon-icons/IcoMoon-Free-master/SVG/262-point-down.svg", "XML", 5, 0, 0, 0, 0, 0, 0, 1, 1, 7
"/Users/sebastianwebster/GitHub/social-media-platform/assets/icomoon-icons/IcoMoon-Free-master/SVG/263-point-left.svg", "XML", 5, 0, 0, 0, 0, 0, 0, 1, 1, 7
"/Users/sebastianwebster/GitHub/social-media-platform/assets/icomoon-icons/IcoMoon-Free-master/SVG/264-warning.svg", "XML", 7, 0, 0, 0, 0, 0, 0, 1, 1, 9
"/Users/sebastianwebster/GitHub/social-media-platform/assets/icomoon-icons/IcoMoon-Free-master/SVG/265-notification.svg", "XML", 5, 0, 0, 0, 0, 0, 0, 1, 1, 7
"/Users/sebastianwebster/GitHub/social-media-platform/assets/icomoon-icons/IcoMoon-Free-master/SVG/266-question.svg", "XML", 5, 0, 0, 0, 0, 0, 0, 1, 1, 7
"/Users/sebastianwebster/GitHub/social-media-platform/assets/icomoon-icons/IcoMoon-Free-master/SVG/267-plus.svg", "XML", 5, 0, 0, 0, 0, 0, 0, 1, 1, 7
"/Users/sebastianwebster/GitHub/social-media-platform/assets/icomoon-icons/IcoMoon-Free-master/SVG/268-minus.svg", "XML", 5, 0, 0, 0, 0, 0, 0, 1, 1, 7
"/Users/sebastianwebster/GitHub/social-media-platform/assets/icomoon-icons/IcoMoon-Free-master/SVG/269-info.svg", "XML", 7, 0, 0, 0, 0, 0, 0, 1, 1, 9
"/Users/sebastianwebster/GitHub/social-media-platform/assets/icomoon-icons/IcoMoon-Free-master/SVG/270-cancel-circle.svg", "XML", 6, 0, 0, 0, 0, 0, 0, 1, 1, 8
"/Users/sebastianwebster/GitHub/social-media-platform/assets/icomoon-icons/IcoMoon-Free-master/SVG/271-blocked.svg", "XML", 5, 0, 0, 0, 0, 0, 0, 1, 1, 7
"/Users/sebastianwebster/GitHub/social-media-platform/assets/icomoon-icons/IcoMoon-Free-master/SVG/272-cross.svg", "XML", 5, 0, 0, 0, 0, 0, 0, 1, 1, 7
"/Users/sebastianwebster/GitHub/social-media-platform/assets/icomoon-icons/IcoMoon-Free-master/SVG/273-checkmark.svg", "XML", 5, 0, 0, 0, 0, 0, 0, 1, 1, 7
"/Users/sebastianwebster/GitHub/social-media-platform/assets/icomoon-icons/IcoMoon-Free-master/SVG/274-checkmark2.svg", "XML", 5, 0, 0, 0, 0, 0, 0, 1, 1, 7
"/Users/sebastianwebster/GitHub/social-media-platform/assets/icomoon-icons/IcoMoon-Free-master/SVG/275-spell-check.svg", "XML", 5, 0, 0, 0, 0, 0, 0, 1, 1, 7
"/Users/sebastianwebster/GitHub/social-media-platform/assets/icomoon-icons/IcoMoon-Free-master/SVG/276-enter.svg", "XML", 5, 0, 0, 0, 0, 0, 0, 1, 1, 7
"/Users/sebastianwebster/GitHub/social-media-platform/assets/icomoon-icons/IcoMoon-Free-master/SVG/277-exit.svg", "XML", 5, 0, 0, 0, 0, 0, 0, 1, 1, 7
"/Users/sebastianwebster/GitHub/social-media-platform/assets/icomoon-icons/IcoMoon-Free-master/SVG/278-play2.svg", "XML", 5, 0, 0, 0, 0, 0, 0, 1, 1, 7
"/Users/sebastianwebster/GitHub/social-media-platform/assets/icomoon-icons/IcoMoon-Free-master/SVG/279-pause.svg", "XML", 5, 0, 0, 0, 0, 0, 0, 1, 1, 7
"/Users/sebastianwebster/GitHub/social-media-platform/assets/icomoon-icons/IcoMoon-Free-master/SVG/280-stop.svg", "XML", 5, 0, 0, 0, 0, 0, 0, 1, 1, 7
"/Users/sebastianwebster/GitHub/social-media-platform/assets/icomoon-icons/IcoMoon-Free-master/SVG/281-previous.svg", "XML", 7, 0, 0, 0, 0, 0, 0, 1, 1, 9
"/Users/sebastianwebster/GitHub/social-media-platform/assets/icomoon-icons/IcoMoon-Free-master/SVG/282-next.svg", "XML", 7, 0, 0, 0, 0, 0, 0, 1, 1, 9
"/Users/sebastianwebster/GitHub/social-media-platform/assets/icomoon-icons/IcoMoon-Free-master/SVG/283-backward.svg", "XML", 5, 0, 0, 0, 0, 0, 0, 1, 1, 7
"/Users/sebastianwebster/GitHub/social-media-platform/assets/icomoon-icons/IcoMoon-Free-master/SVG/284-forward2.svg", "XML", 5, 0, 0, 0, 0, 0, 0, 1, 1, 7
"/Users/sebastianwebster/GitHub/social-media-platform/assets/icomoon-icons/IcoMoon-Free-master/SVG/285-play3.svg", "XML", 5, 0, 0, 0, 0, 0, 0, 1, 1, 7
"/Users/sebastianwebster/GitHub/social-media-platform/assets/icomoon-icons/IcoMoon-Free-master/SVG/286-pause2.svg", "XML", 5, 0, 0, 0, 0, 0, 0, 1, 1, 7
"/Users/sebastianwebster/GitHub/social-media-platform/assets/icomoon-icons/IcoMoon-Free-master/SVG/287-stop2.svg", "XML", 5, 0, 0, 0, 0, 0, 0, 1, 1, 7
"/Users/sebastianwebster/GitHub/social-media-platform/assets/icomoon-icons/IcoMoon-Free-master/SVG/288-backward2.svg", "XML", 5, 0, 0, 0, 0, 0, 0, 1, 1, 7
"/Users/sebastianwebster/GitHub/social-media-platform/assets/icomoon-icons/IcoMoon-Free-master/SVG/289-forward3.svg", "XML", 5, 0, 0, 0, 0, 0, 0, 1, 1, 7
"/Users/sebastianwebster/GitHub/social-media-platform/assets/icomoon-icons/IcoMoon-Free-master/SVG/290-first.svg", "XML", 5, 0, 0, 0, 0, 0, 0, 1, 1, 7
"/Users/sebastianwebster/GitHub/social-media-platform/assets/icomoon-icons/IcoMoon-Free-master/SVG/291-last.svg", "XML", 5, 0, 0, 0, 0, 0, 0, 1, 1, 7
"/Users/sebastianwebster/GitHub/social-media-platform/assets/icomoon-icons/IcoMoon-Free-master/SVG/292-previous2.svg", "XML", 5, 0, 0, 0, 0, 0, 0, 1, 1, 7
"/Users/sebastianwebster/GitHub/social-media-platform/assets/icomoon-icons/IcoMoon-Free-master/SVG/293-next2.svg", "XML", 5, 0, 0, 0, 0, 0, 0, 1, 1, 7
"/Users/sebastianwebster/GitHub/social-media-platform/assets/icomoon-icons/IcoMoon-Free-master/SVG/294-eject.svg", "XML", 5, 0, 0, 0, 0, 0, 0, 1, 1, 7
"/Users/sebastianwebster/GitHub/social-media-platform/assets/icomoon-icons/IcoMoon-Free-master/SVG/295-volume-high.svg", "XML", 6, 0, 0, 0, 0, 0, 0, 1, 1, 8
"/Users/sebastianwebster/GitHub/social-media-platform/assets/icomoon-icons/IcoMoon-Free-master/SVG/296-volume-medium.svg", "XML", 6, 0, 0, 0, 0, 0, 0, 1, 1, 8
"/Users/sebastianwebster/GitHub/social-media-platform/assets/icomoon-icons/IcoMoon-Free-master/SVG/297-volume-low.svg", "XML", 6, 0, 0, 0, 0, 0, 0, 1, 1, 8
"/Users/sebastianwebster/GitHub/social-media-platform/assets/icomoon-icons/IcoMoon-Free-master/SVG/298-volume-mute.svg", "XML", 5, 0, 0, 0, 0, 0, 0, 1, 1, 7
"/Users/sebastianwebster/GitHub/social-media-platform/assets/icomoon-icons/IcoMoon-Free-master/SVG/299-volume-mute2.svg", "XML", 6, 0, 0, 0, 0, 0, 0, 1, 1, 8
"/Users/sebastianwebster/GitHub/social-media-platform/assets/icomoon-icons/IcoMoon-Free-master/SVG/300-volume-increase.svg", "XML", 6, 0, 0, 0, 0, 0, 0, 1, 1, 8
"/Users/sebastianwebster/GitHub/social-media-platform/assets/icomoon-icons/IcoMoon-Free-master/SVG/301-volume-decrease.svg", "XML", 6, 0, 0, 0, 0, 0, 0, 1, 1, 8
"/Users/sebastianwebster/GitHub/social-media-platform/assets/icomoon-icons/IcoMoon-Free-master/SVG/302-loop.svg", "XML", 5, 0, 0, 0, 0, 0, 0, 1, 1, 7
"/Users/sebastianwebster/GitHub/social-media-platform/assets/icomoon-icons/IcoMoon-Free-master/SVG/303-loop2.svg", "XML", 6, 0, 0, 0, 0, 0, 0, 1, 1, 8
"/Users/sebastianwebster/GitHub/social-media-platform/assets/icomoon-icons/IcoMoon-Free-master/SVG/304-infinite.svg", "XML", 5, 0, 0, 0, 0, 0, 0, 1, 1, 7
"/Users/sebastianwebster/GitHub/social-media-platform/assets/icomoon-icons/IcoMoon-Free-master/SVG/305-shuffle.svg", "XML", 5, 0, 0, 0, 0, 0, 0, 1, 1, 7
"/Users/sebastianwebster/GitHub/social-media-platform/assets/icomoon-icons/IcoMoon-Free-master/SVG/306-arrow-up-left.svg", "XML", 5, 0, 0, 0, 0, 0, 0, 1, 1, 7
"/Users/sebastianwebster/GitHub/social-media-platform/assets/icomoon-icons/IcoMoon-Free-master/SVG/307-arrow-up.svg", "XML", 5, 0, 0, 0, 0, 0, 0, 1, 1, 7
"/Users/sebastianwebster/GitHub/social-media-platform/assets/icomoon-icons/IcoMoon-Free-master/SVG/308-arrow-up-right.svg", "XML", 5, 0, 0, 0, 0, 0, 0, 1, 1, 7
"/Users/sebastianwebster/GitHub/social-media-platform/assets/icomoon-icons/IcoMoon-Free-master/SVG/309-arrow-right.svg", "XML", 5, 0, 0, 0, 0, 0, 0, 1, 1, 7
"/Users/sebastianwebster/GitHub/social-media-platform/assets/icomoon-icons/IcoMoon-Free-master/SVG/310-arrow-down-right.svg", "XML", 5, 0, 0, 0, 0, 0, 0, 1, 1, 7
"/Users/sebastianwebster/GitHub/social-media-platform/assets/icomoon-icons/IcoMoon-Free-master/SVG/311-arrow-down.svg", "XML", 5, 0, 0, 0, 0, 0, 0, 1, 1, 7
"/Users/sebastianwebster/GitHub/social-media-platform/assets/icomoon-icons/IcoMoon-Free-master/SVG/312-arrow-down-left.svg", "XML", 5, 0, 0, 0, 0, 0, 0, 1, 1, 7
"/Users/sebastianwebster/GitHub/social-media-platform/assets/icomoon-icons/IcoMoon-Free-master/SVG/313-arrow-left.svg", "XML", 5, 0, 0, 0, 0, 0, 0, 1, 1, 7
"/Users/sebastianwebster/GitHub/social-media-platform/assets/icomoon-icons/IcoMoon-Free-master/SVG/314-arrow-up-left2.svg", "XML", 5, 0, 0, 0, 0, 0, 0, 1, 1, 7
"/Users/sebastianwebster/GitHub/social-media-platform/assets/icomoon-icons/IcoMoon-Free-master/SVG/315-arrow-up2.svg", "XML", 5, 0, 0, 0, 0, 0, 0, 1, 1, 7
"/Users/sebastianwebster/GitHub/social-media-platform/assets/icomoon-icons/IcoMoon-Free-master/SVG/316-arrow-up-right2.svg", "XML", 5, 0, 0, 0, 0, 0, 0, 1, 1, 7
"/Users/sebastianwebster/GitHub/social-media-platform/assets/icomoon-icons/IcoMoon-Free-master/SVG/317-arrow-right2.svg", "XML", 5, 0, 0, 0, 0, 0, 0, 1, 1, 7
"/Users/sebastianwebster/GitHub/social-media-platform/assets/icomoon-icons/IcoMoon-Free-master/SVG/318-arrow-down-right2.svg", "XML", 5, 0, 0, 0, 0, 0, 0, 1, 1, 7
"/Users/sebastianwebster/GitHub/social-media-platform/assets/icomoon-icons/IcoMoon-Free-master/SVG/319-arrow-down2.svg", "XML", 5, 0, 0, 0, 0, 0, 0, 1, 1, 7
"/Users/sebastianwebster/GitHub/social-media-platform/assets/icomoon-icons/IcoMoon-Free-master/SVG/320-arrow-down-left2.svg", "XML", 5, 0, 0, 0, 0, 0, 0, 1, 1, 7
"/Users/sebastianwebster/GitHub/social-media-platform/assets/icomoon-icons/IcoMoon-Free-master/SVG/321-arrow-left2.svg", "XML", 5, 0, 0, 0, 0, 0, 0, 1, 1, 7
"/Users/sebastianwebster/GitHub/social-media-platform/assets/icomoon-icons/IcoMoon-Free-master/SVG/322-circle-up.svg", "XML", 6, 0, 0, 0, 0, 0, 0, 1, 1, 8
"/Users/sebastianwebster/GitHub/social-media-platform/assets/icomoon-icons/IcoMoon-Free-master/SVG/323-circle-right.svg", "XML", 6, 0, 0, 0, 0, 0, 0, 1, 1, 8
"/Users/sebastianwebster/GitHub/social-media-platform/assets/icomoon-icons/IcoMoon-Free-master/SVG/324-circle-down.svg", "XML", 6, 0, 0, 0, 0, 0, 0, 1, 1, 8
"/Users/sebastianwebster/GitHub/social-media-platform/assets/icomoon-icons/IcoMoon-Free-master/SVG/325-circle-left.svg", "XML", 6, 0, 0, 0, 0, 0, 0, 1, 1, 8
"/Users/sebastianwebster/GitHub/social-media-platform/assets/icomoon-icons/IcoMoon-Free-master/SVG/326-tab.svg", "XML", 8, 0, 0, 0, 0, 0, 0, 1, 1, 10
"/Users/sebastianwebster/GitHub/social-media-platform/assets/icomoon-icons/IcoMoon-Free-master/SVG/327-move-up.svg", "XML", 14, 0, 0, 0, 0, 0, 0, 1, 1, 16
"/Users/sebastianwebster/GitHub/social-media-platform/assets/icomoon-icons/IcoMoon-Free-master/SVG/328-move-down.svg", "XML", 14, 0, 0, 0, 0, 0, 0, 1, 1, 16
"/Users/sebastianwebster/GitHub/social-media-platform/assets/icomoon-icons/IcoMoon-Free-master/SVG/329-sort-alpha-asc.svg", "XML", 7, 0, 0, 0, 0, 0, 0, 1, 1, 9
"/Users/sebastianwebster/GitHub/social-media-platform/assets/icomoon-icons/IcoMoon-Free-master/SVG/330-sort-alpha-desc.svg", "XML", 7, 0, 0, 0, 0, 0, 0, 1, 1, 9
"/Users/sebastianwebster/GitHub/social-media-platform/assets/icomoon-icons/IcoMoon-Free-master/SVG/331-sort-numeric-asc.svg", "XML", 7, 0, 0, 0, 0, 0, 0, 1, 1, 9
"/Users/sebastianwebster/GitHub/social-media-platform/assets/icomoon-icons/IcoMoon-Free-master/SVG/332-sort-numberic-desc.svg", "XML", 7, 0, 0, 0, 0, 0, 0, 1, 1, 9
"/Users/sebastianwebster/GitHub/social-media-platform/assets/icomoon-icons/IcoMoon-Free-master/SVG/333-sort-amount-asc.svg", "XML", 9, 0, 0, 0, 0, 0, 0, 1, 1, 11
"/Users/sebastianwebster/GitHub/social-media-platform/assets/icomoon-icons/IcoMoon-Free-master/SVG/334-sort-amount-desc.svg", "XML", 9, 0, 0, 0, 0, 0, 0, 1, 1, 11
"/Users/sebastianwebster/GitHub/social-media-platform/assets/icomoon-icons/IcoMoon-Free-master/SVG/335-command.svg", "XML", 5, 0, 0, 0, 0, 0, 0, 1, 1, 7
"/Users/sebastianwebster/GitHub/social-media-platform/assets/icomoon-icons/IcoMoon-Free-master/SVG/336-shift.svg", "XML", 5, 0, 0, 0, 0, 0, 0, 1, 1, 7
"/Users/sebastianwebster/GitHub/social-media-platform/assets/icomoon-icons/IcoMoon-Free-master/SVG/337-ctrl.svg", "XML", 5, 0, 0, 0, 0, 0, 0, 1, 1, 7
"/Users/sebastianwebster/GitHub/social-media-platform/assets/icomoon-icons/IcoMoon-Free-master/SVG/338-opt.svg", "XML", 6, 0, 0, 0, 0, 0, 0, 1, 1, 8
"/Users/sebastianwebster/GitHub/social-media-platform/assets/icomoon-icons/IcoMoon-Free-master/SVG/339-checkbox-checked.svg", "XML", 5, 0, 0, 0, 0, 0, 0, 1, 1, 7
"/Users/sebastianwebster/GitHub/social-media-platform/assets/icomoon-icons/IcoMoon-Free-master/SVG/340-checkbox-unchecked.svg", "XML", 5, 0, 0, 0, 0, 0, 0, 1, 1, 7
"/Users/sebastianwebster/GitHub/social-media-platform/assets/icomoon-icons/IcoMoon-Free-master/SVG/341-radio-checked.svg", "XML", 5, 0, 0, 0, 0, 0, 0, 1, 1, 7
"/Users/sebastianwebster/GitHub/social-media-platform/assets/icomoon-icons/IcoMoon-Free-master/SVG/342-radio-checked2.svg", "XML", 5, 0, 0, 0, 0, 0, 0, 1, 1, 7
"/Users/sebastianwebster/GitHub/social-media-platform/assets/icomoon-icons/IcoMoon-Free-master/SVG/343-radio-unchecked.svg", "XML", 5, 0, 0, 0, 0, 0, 0, 1, 1, 7
"/Users/sebastianwebster/GitHub/social-media-platform/assets/icomoon-icons/IcoMoon-Free-master/SVG/344-crop.svg", "XML", 5, 0, 0, 0, 0, 0, 0, 1, 1, 7
"/Users/sebastianwebster/GitHub/social-media-platform/assets/icomoon-icons/IcoMoon-Free-master/SVG/345-make-group.svg", "XML", 9, 0, 0, 0, 0, 0, 0, 1, 1, 11
"/Users/sebastianwebster/GitHub/social-media-platform/assets/icomoon-icons/IcoMoon-Free-master/SVG/346-ungroup.svg", "XML", 23, 0, 0, 0, 0, 0, 0, 1, 1, 25
"/Users/sebastianwebster/GitHub/social-media-platform/assets/icomoon-icons/IcoMoon-Free-master/SVG/347-scissors.svg", "XML", 5, 0, 0, 0, 0, 0, 0, 1, 1, 7
"/Users/sebastianwebster/GitHub/social-media-platform/assets/icomoon-icons/IcoMoon-Free-master/SVG/348-filter.svg", "XML", 5, 0, 0, 0, 0, 0, 0, 1, 1, 7
"/Users/sebastianwebster/GitHub/social-media-platform/assets/icomoon-icons/IcoMoon-Free-master/SVG/349-font.svg", "XML", 5, 0, 0, 0, 0, 0, 0, 1, 1, 7
"/Users/sebastianwebster/GitHub/social-media-platform/assets/icomoon-icons/IcoMoon-Free-master/SVG/350-ligature.svg", "XML", 5, 0, 0, 0, 0, 0, 0, 1, 1, 7
"/Users/sebastianwebster/GitHub/social-media-platform/assets/icomoon-icons/IcoMoon-Free-master/SVG/351-ligature2.svg", "XML", 5, 0, 0, 0, 0, 0, 0, 1, 1, 7
"/Users/sebastianwebster/GitHub/social-media-platform/assets/icomoon-icons/IcoMoon-Free-master/SVG/352-text-height.svg", "XML", 5, 0, 0, 0, 0, 0, 0, 1, 1, 7
"/Users/sebastianwebster/GitHub/social-media-platform/assets/icomoon-icons/IcoMoon-Free-master/SVG/353-text-width.svg", "XML", 5, 0, 0, 0, 0, 0, 0, 1, 1, 7
"/Users/sebastianwebster/GitHub/social-media-platform/assets/icomoon-icons/IcoMoon-Free-master/SVG/354-font-size.svg", "XML", 5, 0, 0, 0, 0, 0, 0, 1, 1, 7
"/Users/sebastianwebster/GitHub/social-media-platform/assets/icomoon-icons/IcoMoon-Free-master/SVG/355-bold.svg", "XML", 5, 0, 0, 0, 0, 0, 0, 1, 1, 7
"/Users/sebastianwebster/GitHub/social-media-platform/assets/icomoon-icons/IcoMoon-Free-master/SVG/356-underline.svg", "XML", 5, 0, 0, 0, 0, 0, 0, 1, 1, 7
"/Users/sebastianwebster/GitHub/social-media-platform/assets/icomoon-icons/IcoMoon-Free-master/SVG/357-italic.svg", "XML", 5, 0, 0, 0, 0, 0, 0, 1, 1, 7
"/Users/sebastianwebster/GitHub/social-media-platform/assets/icomoon-icons/IcoMoon-Free-master/SVG/358-strikethrough.svg", "XML", 5, 0, 0, 0, 0, 0, 0, 1, 1, 7
"/Users/sebastianwebster/GitHub/social-media-platform/assets/icomoon-icons/IcoMoon-Free-master/SVG/359-omega.svg", "XML", 5, 0, 0, 0, 0, 0, 0, 1, 1, 7
"/Users/sebastianwebster/GitHub/social-media-platform/assets/icomoon-icons/IcoMoon-Free-master/SVG/360-sigma.svg", "XML", 5, 0, 0, 0, 0, 0, 0, 1, 1, 7
"/Users/sebastianwebster/GitHub/social-media-platform/assets/icomoon-icons/IcoMoon-Free-master/SVG/361-page-break.svg", "XML", 5, 0, 0, 0, 0, 0, 0, 1, 1, 7
"/Users/sebastianwebster/GitHub/social-media-platform/assets/icomoon-icons/IcoMoon-Free-master/SVG/362-superscript.svg", "XML", 5, 0, 0, 0, 0, 0, 0, 1, 1, 7
"/Users/sebastianwebster/GitHub/social-media-platform/assets/icomoon-icons/IcoMoon-Free-master/SVG/363-subscript.svg", "XML", 5, 0, 0, 0, 0, 0, 0, 1, 1, 7
"/Users/sebastianwebster/GitHub/social-media-platform/assets/icomoon-icons/IcoMoon-Free-master/SVG/364-superscript2.svg", "XML", 6, 0, 0, 0, 0, 0, 0, 1, 1, 8
"/Users/sebastianwebster/GitHub/social-media-platform/assets/icomoon-icons/IcoMoon-Free-master/SVG/365-subscript2.svg", "XML", 6, 0, 0, 0, 0, 0, 0, 1, 1, 8
"/Users/sebastianwebster/GitHub/social-media-platform/assets/icomoon-icons/IcoMoon-Free-master/SVG/366-text-color.svg", "XML", 5, 0, 0, 0, 0, 0, 0, 1, 1, 7
"/Users/sebastianwebster/GitHub/social-media-platform/assets/icomoon-icons/IcoMoon-Free-master/SVG/367-pagebreak.svg", "XML", 5, 0, 0, 0, 0, 0, 0, 1, 1, 7
"/Users/sebastianwebster/GitHub/social-media-platform/assets/icomoon-icons/IcoMoon-Free-master/SVG/368-clear-formatting.svg", "XML", 5, 0, 0, 0, 0, 0, 0, 1, 1, 7
"/Users/sebastianwebster/GitHub/social-media-platform/assets/icomoon-icons/IcoMoon-Free-master/SVG/369-table.svg", "XML", 5, 0, 0, 0, 0, 0, 0, 1, 1, 7
"/Users/sebastianwebster/GitHub/social-media-platform/assets/icomoon-icons/IcoMoon-Free-master/SVG/370-table2.svg", "XML", 5, 0, 0, 0, 0, 0, 0, 1, 1, 7
"/Users/sebastianwebster/GitHub/social-media-platform/assets/icomoon-icons/IcoMoon-Free-master/SVG/371-insert-template.svg", "XML", 5, 0, 0, 0, 0, 0, 0, 1, 1, 7
"/Users/sebastianwebster/GitHub/social-media-platform/assets/icomoon-icons/IcoMoon-Free-master/SVG/372-pilcrow.svg", "XML", 5, 0, 0, 0, 0, 0, 0, 1, 1, 7
"/Users/sebastianwebster/GitHub/social-media-platform/assets/icomoon-icons/IcoMoon-Free-master/SVG/373-ltr.svg", "XML", 5, 0, 0, 0, 0, 0, 0, 1, 1, 7
"/Users/sebastianwebster/GitHub/social-media-platform/assets/icomoon-icons/IcoMoon-Free-master/SVG/374-rtl.svg", "XML", 5, 0, 0, 0, 0, 0, 0, 1, 1, 7
"/Users/sebastianwebster/GitHub/social-media-platform/assets/icomoon-icons/IcoMoon-Free-master/SVG/375-section.svg", "XML", 5, 0, 0, 0, 0, 0, 0, 1, 1, 7
"/Users/sebastianwebster/GitHub/social-media-platform/assets/icomoon-icons/IcoMoon-Free-master/SVG/376-paragraph-left.svg", "XML", 5, 0, 0, 0, 0, 0, 0, 1, 1, 7
"/Users/sebastianwebster/GitHub/social-media-platform/assets/icomoon-icons/IcoMoon-Free-master/SVG/377-paragraph-center.svg", "XML", 5, 0, 0, 0, 0, 0, 0, 1, 1, 7
"/Users/sebastianwebster/GitHub/social-media-platform/assets/icomoon-icons/IcoMoon-Free-master/SVG/378-paragraph-right.svg", "XML", 5, 0, 0, 0, 0, 0, 0, 1, 1, 7
"/Users/sebastianwebster/GitHub/social-media-platform/assets/icomoon-icons/IcoMoon-Free-master/SVG/379-paragraph-justify.svg", "XML", 5, 0, 0, 0, 0, 0, 0, 1, 1, 7
"/Users/sebastianwebster/GitHub/social-media-platform/assets/icomoon-icons/IcoMoon-Free-master/SVG/380-indent-increase.svg", "XML", 5, 0, 0, 0, 0, 0, 0, 1, 1, 7
"/Users/sebastianwebster/GitHub/social-media-platform/assets/icomoon-icons/IcoMoon-Free-master/SVG/381-indent-decrease.svg", "XML", 5, 0, 0, 0, 0, 0, 0, 1, 1, 7
"/Users/sebastianwebster/GitHub/social-media-platform/assets/icomoon-icons/IcoMoon-Free-master/SVG/382-share.svg", "XML", 5, 0, 0, 0, 0, 0, 0, 1, 1, 7
"/Users/sebastianwebster/GitHub/social-media-platform/assets/icomoon-icons/IcoMoon-Free-master/SVG/383-new-tab.svg", "XML", 6, 0, 0, 0, 0, 0, 0, 1, 1, 8
"/Users/sebastianwebster/GitHub/social-media-platform/assets/icomoon-icons/IcoMoon-Free-master/SVG/384-embed.svg", "XML", 6, 0, 0, 0, 0, 0, 0, 1, 1, 8
"/Users/sebastianwebster/GitHub/social-media-platform/assets/icomoon-icons/IcoMoon-Free-master/SVG/385-embed2.svg", "XML", 7, 0, 0, 0, 0, 0, 0, 1, 1, 9
"/Users/sebastianwebster/GitHub/social-media-platform/assets/icomoon-icons/IcoMoon-Free-master/SVG/386-terminal.svg", "XML", 5, 0, 0, 0, 0, 0, 0, 1, 1, 7
"/Users/sebastianwebster/GitHub/social-media-platform/assets/icomoon-icons/IcoMoon-Free-master/SVG/387-share2.svg", "XML", 5, 0, 0, 0, 0, 0, 0, 1, 1, 7
"/Users/sebastianwebster/GitHub/social-media-platform/assets/icomoon-icons/IcoMoon-Free-master/SVG/388-mail.svg", "XML", 5, 0, 0, 0, 0, 0, 0, 1, 1, 7
"/Users/sebastianwebster/GitHub/social-media-platform/assets/icomoon-icons/IcoMoon-Free-master/SVG/389-mail2.svg", "XML", 5, 0, 0, 0, 0, 0, 0, 1, 1, 7
"/Users/sebastianwebster/GitHub/social-media-platform/assets/icomoon-icons/IcoMoon-Free-master/SVG/390-mail3.svg", "XML", 5, 0, 0, 0, 0, 0, 0, 1, 1, 7
"/Users/sebastianwebster/GitHub/social-media-platform/assets/icomoon-icons/IcoMoon-Free-master/SVG/391-mail4.svg", "XML", 5, 0, 0, 0, 0, 0, 0, 1, 1, 7
"/Users/sebastianwebster/GitHub/social-media-platform/assets/icomoon-icons/IcoMoon-Free-master/SVG/392-amazon.svg", "XML", 7, 0, 0, 0, 0, 0, 0, 1, 1, 9
"/Users/sebastianwebster/GitHub/social-media-platform/assets/icomoon-icons/IcoMoon-Free-master/SVG/393-google.svg", "XML", 5, 0, 0, 0, 0, 0, 0, 1, 1, 7
"/Users/sebastianwebster/GitHub/social-media-platform/assets/icomoon-icons/IcoMoon-Free-master/SVG/394-google2.svg", "XML", 5, 0, 0, 0, 0, 0, 0, 1, 1, 7
"/Users/sebastianwebster/GitHub/social-media-platform/assets/icomoon-icons/IcoMoon-Free-master/SVG/395-google3.svg", "XML", 5, 0, 0, 0, 0, 0, 0, 1, 1, 7
"/Users/sebastianwebster/GitHub/social-media-platform/assets/icomoon-icons/IcoMoon-Free-master/SVG/396-google-plus.svg", "XML", 6, 0, 0, 0, 0, 0, 0, 1, 1, 8
"/Users/sebastianwebster/GitHub/social-media-platform/assets/icomoon-icons/IcoMoon-Free-master/SVG/397-google-plus2.svg", "XML", 5, 0, 0, 0, 0, 0, 0, 1, 1, 7
"/Users/sebastianwebster/GitHub/social-media-platform/assets/icomoon-icons/IcoMoon-Free-master/SVG/398-google-plus3.svg", "XML", 5, 0, 0, 0, 0, 0, 0, 1, 1, 7
"/Users/sebastianwebster/GitHub/social-media-platform/assets/icomoon-icons/IcoMoon-Free-master/SVG/399-hangouts.svg", "XML", 5, 0, 0, 0, 0, 0, 0, 1, 1, 7
"/Users/sebastianwebster/GitHub/social-media-platform/assets/icomoon-icons/IcoMoon-Free-master/SVG/400-google-drive.svg", "XML", 7, 0, 0, 0, 0, 0, 0, 1, 1, 9
"/Users/sebastianwebster/GitHub/social-media-platform/assets/icomoon-icons/IcoMoon-Free-master/SVG/401-facebook.svg", "XML", 5, 0, 0, 0, 0, 0, 0, 1, 1, 7
"/Users/sebastianwebster/GitHub/social-media-platform/assets/icomoon-icons/IcoMoon-Free-master/SVG/402-facebook2.svg", "XML", 5, 0, 0, 0, 0, 0, 0, 1, 1, 7
"/Users/sebastianwebster/GitHub/social-media-platform/assets/icomoon-icons/IcoMoon-Free-master/SVG/403-instagram.svg", "XML", 5, 0, 0, 0, 0, 0, 0, 1, 1, 7
"/Users/sebastianwebster/GitHub/social-media-platform/assets/icomoon-icons/IcoMoon-Free-master/SVG/404-whatsapp.svg", "XML", 5, 0, 0, 0, 0, 0, 0, 1, 1, 7
"/Users/sebastianwebster/GitHub/social-media-platform/assets/icomoon-icons/IcoMoon-Free-master/SVG/405-spotify.svg", "XML", 5, 0, 0, 0, 0, 0, 0, 1, 1, 7
"/Users/sebastianwebster/GitHub/social-media-platform/assets/icomoon-icons/IcoMoon-Free-master/SVG/406-telegram.svg", "XML", 5, 0, 0, 0, 0, 0, 0, 1, 1, 7
"/Users/sebastianwebster/GitHub/social-media-platform/assets/icomoon-icons/IcoMoon-Free-master/SVG/407-twitter.svg", "XML", 5, 0, 0, 0, 0, 0, 0, 1, 1, 7
"/Users/sebastianwebster/GitHub/social-media-platform/assets/icomoon-icons/IcoMoon-Free-master/SVG/408-vine.svg", "XML", 5, 0, 0, 0, 0, 0, 0, 1, 1, 7
"/Users/sebastianwebster/GitHub/social-media-platform/assets/icomoon-icons/IcoMoon-Free-master/SVG/409-vk.svg", "XML", 5, 0, 0, 0, 0, 0, 0, 1, 1, 7
"/Users/sebastianwebster/GitHub/social-media-platform/assets/icomoon-icons/IcoMoon-Free-master/SVG/410-renren.svg", "XML", 7, 0, 0, 0, 0, 0, 0, 1, 1, 9
"/Users/sebastianwebster/GitHub/social-media-platform/assets/icomoon-icons/IcoMoon-Free-master/SVG/411-sina-weibo.svg", "XML", 8, 0, 0, 0, 0, 0, 0, 1, 1, 10
"/Users/sebastianwebster/GitHub/social-media-platform/assets/icomoon-icons/IcoMoon-Free-master/SVG/412-rss.svg", "XML", 5, 0, 0, 0, 0, 0, 0, 1, 1, 7
"/Users/sebastianwebster/GitHub/social-media-platform/assets/icomoon-icons/IcoMoon-Free-master/SVG/413-rss2.svg", "XML", 5, 0, 0, 0, 0, 0, 0, 1, 1, 7
"/Users/sebastianwebster/GitHub/social-media-platform/assets/icomoon-icons/IcoMoon-Free-master/SVG/414-youtube.svg", "XML", 5, 0, 0, 0, 0, 0, 0, 1, 1, 7
"/Users/sebastianwebster/GitHub/social-media-platform/assets/icomoon-icons/IcoMoon-Free-master/SVG/415-youtube2.svg", "XML", 10, 0, 0, 0, 0, 0, 0, 1, 1, 12
"/Users/sebastianwebster/GitHub/social-media-platform/assets/icomoon-icons/IcoMoon-Free-master/SVG/416-twitch.svg", "XML", 7, 0, 0, 0, 0, 0, 0, 1, 1, 9
"/Users/sebastianwebster/GitHub/social-media-platform/assets/icomoon-icons/IcoMoon-Free-master/SVG/417-vimeo.svg", "XML", 5, 0, 0, 0, 0, 0, 0, 1, 1, 7
"/Users/sebastianwebster/GitHub/social-media-platform/assets/icomoon-icons/IcoMoon-Free-master/SVG/418-vimeo2.svg", "XML", 5, 0, 0, 0, 0, 0, 0, 1, 1, 7
"/Users/sebastianwebster/GitHub/social-media-platform/assets/icomoon-icons/IcoMoon-Free-master/SVG/419-lanyrd.svg", "XML", 5, 0, 0, 0, 0, 0, 0, 1, 1, 7
"/Users/sebastianwebster/GitHub/social-media-platform/assets/icomoon-icons/IcoMoon-Free-master/SVG/420-flickr.svg", "XML", 5, 0, 0, 0, 0, 0, 0, 1, 1, 7
"/Users/sebastianwebster/GitHub/social-media-platform/assets/icomoon-icons/IcoMoon-Free-master/SVG/421-flickr2.svg", "XML", 5, 0, 0, 0, 0, 0, 0, 1, 1, 7
"/Users/sebastianwebster/GitHub/social-media-platform/assets/icomoon-icons/IcoMoon-Free-master/SVG/422-flickr3.svg", "XML", 5, 0, 0, 0, 0, 0, 0, 1, 1, 7
"/Users/sebastianwebster/GitHub/social-media-platform/assets/icomoon-icons/IcoMoon-Free-master/SVG/423-flickr4.svg", "XML", 5, 0, 0, 0, 0, 0, 0, 1, 1, 7
"/Users/sebastianwebster/GitHub/social-media-platform/assets/icomoon-icons/IcoMoon-Free-master/SVG/424-dribbble.svg", "XML", 5, 0, 0, 0, 0, 0, 0, 1, 1, 7
"/Users/sebastianwebster/GitHub/social-media-platform/assets/icomoon-icons/IcoMoon-Free-master/SVG/425-behance.svg", "XML", 7, 0, 0, 0, 0, 0, 0, 1, 1, 9
"/Users/sebastianwebster/GitHub/social-media-platform/assets/icomoon-icons/IcoMoon-Free-master/SVG/426-behance2.svg", "XML", 8, 0, 0, 0, 0, 0, 0, 1, 1, 10
"/Users/sebastianwebster/GitHub/social-media-platform/assets/icomoon-icons/IcoMoon-Free-master/SVG/427-deviantart.svg", "XML", 5, 0, 0, 0, 0, 0, 0, 1, 1, 7
"/Users/sebastianwebster/GitHub/social-media-platform/assets/icomoon-icons/IcoMoon-Free-master/SVG/428-500px.svg", "XML", 5, 0, 0, 0, 0, 0, 0, 1, 1, 7
"/Users/sebastianwebster/GitHub/social-media-platform/assets/icomoon-icons/IcoMoon-Free-master/SVG/429-steam.svg", "XML", 5, 0, 0, 0, 0, 0, 0, 1, 1, 7
"/Users/sebastianwebster/GitHub/social-media-platform/assets/icomoon-icons/IcoMoon-Free-master/SVG/430-steam2.svg", "XML", 5, 0, 0, 0, 0, 0, 0, 1, 1, 7
"/Users/sebastianwebster/GitHub/social-media-platform/assets/icomoon-icons/IcoMoon-Free-master/SVG/431-dropbox.svg", "XML", 9, 0, 0, 0, 0, 0, 0, 1, 1, 11
"/Users/sebastianwebster/GitHub/social-media-platform/assets/icomoon-icons/IcoMoon-Free-master/SVG/432-onedrive.svg", "XML", 5, 0, 0, 0, 0, 0, 0, 1, 1, 7
"/Users/sebastianwebster/GitHub/social-media-platform/assets/icomoon-icons/IcoMoon-Free-master/SVG/433-github.svg", "XML", 5, 0, 0, 0, 0, 0, 0, 1, 1, 7
"/Users/sebastianwebster/GitHub/social-media-platform/assets/icomoon-icons/IcoMoon-Free-master/SVG/434-npm.svg", "XML", 5, 0, 0, 0, 0, 0, 0, 1, 1, 7
"/Users/sebastianwebster/GitHub/social-media-platform/assets/icomoon-icons/IcoMoon-Free-master/SVG/435-basecamp.svg", "XML", 5, 0, 0, 0, 0, 0, 0, 1, 1, 7
"/Users/sebastianwebster/GitHub/social-media-platform/assets/icomoon-icons/IcoMoon-Free-master/SVG/436-trello.svg", "XML", 5, 0, 0, 0, 0, 0, 0, 1, 1, 7
"/Users/sebastianwebster/GitHub/social-media-platform/assets/icomoon-icons/IcoMoon-Free-master/SVG/437-wordpress.svg", "XML", 5, 0, 0, 0, 0, 0, 0, 1, 1, 7
"/Users/sebastianwebster/GitHub/social-media-platform/assets/icomoon-icons/IcoMoon-Free-master/SVG/438-joomla.svg", "XML", 5, 0, 0, 0, 0, 0, 0, 1, 1, 7
"/Users/sebastianwebster/GitHub/social-media-platform/assets/icomoon-icons/IcoMoon-Free-master/SVG/439-ello.svg", "XML", 5, 0, 0, 0, 0, 0, 0, 1, 1, 7
"/Users/sebastianwebster/GitHub/social-media-platform/assets/icomoon-icons/IcoMoon-Free-master/SVG/440-blogger.svg", "XML", 5, 0, 0, 0, 0, 0, 0, 1, 1, 7
"/Users/sebastianwebster/GitHub/social-media-platform/assets/icomoon-icons/IcoMoon-Free-master/SVG/441-blogger2.svg", "XML", 7, 0, 0, 0, 0, 0, 0, 1, 1, 9
"/Users/sebastianwebster/GitHub/social-media-platform/assets/icomoon-icons/IcoMoon-Free-master/SVG/442-tumblr.svg", "XML", 5, 0, 0, 0, 0, 0, 0, 1, 1, 7
"/Users/sebastianwebster/GitHub/social-media-platform/assets/icomoon-icons/IcoMoon-Free-master/SVG/443-tumblr2.svg", "XML", 5, 0, 0, 0, 0, 0, 0, 1, 1, 7
"/Users/sebastianwebster/GitHub/social-media-platform/assets/icomoon-icons/IcoMoon-Free-master/SVG/444-yahoo.svg", "XML", 5, 0, 0, 0, 0, 0, 0, 1, 1, 7
"/Users/sebastianwebster/GitHub/social-media-platform/assets/icomoon-icons/IcoMoon-Free-master/SVG/445-yahoo2.svg", "XML", 5, 0, 0, 0, 0, 0, 0, 1, 1, 7
"/Users/sebastianwebster/GitHub/social-media-platform/assets/icomoon-icons/IcoMoon-Free-master/SVG/446-tux.svg", "XML", 5, 0, 0, 0, 0, 0, 0, 1, 1, 7
"/Users/sebastianwebster/GitHub/social-media-platform/assets/icomoon-icons/IcoMoon-Free-master/SVG/447-appleinc.svg", "XML", 5, 0, 0, 0, 0, 0, 0, 1, 1, 7
"/Users/sebastianwebster/GitHub/social-media-platform/assets/icomoon-icons/IcoMoon-Free-master/SVG/448-finder.svg", "XML", 16, 0, 0, 0, 0, 0, 0, 1, 1, 18
"/Users/sebastianwebster/GitHub/social-media-platform/assets/icomoon-icons/IcoMoon-Free-master/SVG/449-android.svg", "XML", 6, 0, 0, 0, 0, 0, 0, 1, 1, 8
"/Users/sebastianwebster/GitHub/social-media-platform/assets/icomoon-icons/IcoMoon-Free-master/SVG/450-windows.svg", "XML", 5, 0, 0, 0, 0, 0, 0, 1, 1, 7
"/Users/sebastianwebster/GitHub/social-media-platform/assets/icomoon-icons/IcoMoon-Free-master/SVG/451-windows8.svg", "XML", 5, 0, 0, 0, 0, 0, 0, 1, 1, 7
"/Users/sebastianwebster/GitHub/social-media-platform/assets/icomoon-icons/IcoMoon-Free-master/SVG/452-soundcloud.svg", "XML", 5, 0, 0, 0, 0, 0, 0, 1, 1, 7
"/Users/sebastianwebster/GitHub/social-media-platform/assets/icomoon-icons/IcoMoon-Free-master/SVG/453-soundcloud2.svg", "XML", 5, 0, 0, 0, 0, 0, 0, 1, 1, 7
"/Users/sebastianwebster/GitHub/social-media-platform/assets/icomoon-icons/IcoMoon-Free-master/SVG/454-skype.svg", "XML", 9, 0, 0, 0, 0, 0, 0, 1, 1, 11
"/Users/sebastianwebster/GitHub/social-media-platform/assets/icomoon-icons/IcoMoon-Free-master/SVG/455-reddit.svg", "XML", 5, 0, 0, 0, 0, 0, 0, 1, 1, 7
"/Users/sebastianwebster/GitHub/social-media-platform/assets/icomoon-icons/IcoMoon-Free-master/SVG/456-hackernews.svg", "XML", 5, 0, 0, 0, 0, 0, 0, 1, 1, 7
"/Users/sebastianwebster/GitHub/social-media-platform/assets/icomoon-icons/IcoMoon-Free-master/SVG/457-wikipedia.svg", "XML", 5, 0, 0, 0, 0, 0, 0, 1, 1, 7
"/Users/sebastianwebster/GitHub/social-media-platform/assets/icomoon-icons/IcoMoon-Free-master/SVG/458-linkedin.svg", "XML", 5, 0, 0, 0, 0, 0, 0, 1, 1, 7
"/Users/sebastianwebster/GitHub/social-media-platform/assets/icomoon-icons/IcoMoon-Free-master/SVG/459-linkedin2.svg", "XML", 7, 0, 0, 0, 0, 0, 0, 1, 1, 9
"/Users/sebastianwebster/GitHub/social-media-platform/assets/icomoon-icons/IcoMoon-Free-master/SVG/460-lastfm.svg", "XML", 5, 0, 0, 0, 0, 0, 0, 1, 1, 7
"/Users/sebastianwebster/GitHub/social-media-platform/assets/icomoon-icons/IcoMoon-Free-master/SVG/461-lastfm2.svg", "XML", 5, 0, 0, 0, 0, 0, 0, 1, 1, 7
"/Users/sebastianwebster/GitHub/social-media-platform/assets/icomoon-icons/IcoMoon-Free-master/SVG/462-delicious.svg", "XML", 5, 0, 0, 0, 0, 0, 0, 1, 1, 7
"/Users/sebastianwebster/GitHub/social-media-platform/assets/icomoon-icons/IcoMoon-Free-master/SVG/463-stumbleupon.svg", "XML", 6, 0, 0, 0, 0, 0, 0, 1, 1, 8
"/Users/sebastianwebster/GitHub/social-media-platform/assets/icomoon-icons/IcoMoon-Free-master/SVG/464-stumbleupon2.svg", "XML", 5, 0, 0, 0, 0, 0, 0, 1, 1, 7
"/Users/sebastianwebster/GitHub/social-media-platform/assets/icomoon-icons/IcoMoon-Free-master/SVG/465-stackoverflow.svg", "XML", 5, 0, 0, 0, 0, 0, 0, 1, 1, 7
"/Users/sebastianwebster/GitHub/social-media-platform/assets/icomoon-icons/IcoMoon-Free-master/SVG/466-pinterest.svg", "XML", 5, 0, 0, 0, 0, 0, 0, 1, 1, 7
"/Users/sebastianwebster/GitHub/social-media-platform/assets/icomoon-icons/IcoMoon-Free-master/SVG/467-pinterest2.svg", "XML", 5, 0, 0, 0, 0, 0, 0, 1, 1, 7
"/Users/sebastianwebster/GitHub/social-media-platform/assets/icomoon-icons/IcoMoon-Free-master/SVG/468-xing.svg", "XML", 5, 0, 0, 0, 0, 0, 0, 1, 1, 7
"/Users/sebastianwebster/GitHub/social-media-platform/assets/icomoon-icons/IcoMoon-Free-master/SVG/469-xing2.svg", "XML", 6, 0, 0, 0, 0, 0, 0, 1, 1, 8
"/Users/sebastianwebster/GitHub/social-media-platform/assets/icomoon-icons/IcoMoon-Free-master/SVG/470-flattr.svg", "XML", 5, 0, 0, 0, 0, 0, 0, 1, 1, 7
"/Users/sebastianwebster/GitHub/social-media-platform/assets/icomoon-icons/IcoMoon-Free-master/SVG/471-foursquare.svg", "XML", 5, 0, 0, 0, 0, 0, 0, 1, 1, 7
"/Users/sebastianwebster/GitHub/social-media-platform/assets/icomoon-icons/IcoMoon-Free-master/SVG/472-yelp.svg", "XML", 5, 0, 0, 0, 0, 0, 0, 1, 1, 7
"/Users/sebastianwebster/GitHub/social-media-platform/assets/icomoon-icons/IcoMoon-Free-master/SVG/473-paypal.svg", "XML", 6, 0, 0, 0, 0, 0, 0, 1, 1, 8
"/Users/sebastianwebster/GitHub/social-media-platform/assets/icomoon-icons/IcoMoon-Free-master/SVG/474-chrome.svg", "XML", 5, 0, 0, 0, 0, 0, 0, 1, 1, 7
"/Users/sebastianwebster/GitHub/social-media-platform/assets/icomoon-icons/IcoMoon-Free-master/SVG/475-firefox.svg", "XML", 5, 0, 0, 0, 0, 0, 0, 1, 1, 7
"/Users/sebastianwebster/GitHub/social-media-platform/assets/icomoon-icons/IcoMoon-Free-master/SVG/476-IE.svg", "XML", 5, 0, 0, 0, 0, 0, 0, 1, 1, 7
"/Users/sebastianwebster/GitHub/social-media-platform/assets/icomoon-icons/IcoMoon-Free-master/SVG/477-edge.svg", "XML", 5, 0, 0, 0, 0, 0, 0, 1, 1, 7
"/Users/sebastianwebster/GitHub/social-media-platform/assets/icomoon-icons/IcoMoon-Free-master/SVG/478-safari.svg", "XML", 37, 0, 0, 0, 0, 0, 0, 1, 1, 39
"/Users/sebastianwebster/GitHub/social-media-platform/assets/icomoon-icons/IcoMoon-Free-master/SVG/479-opera.svg", "XML", 6, 0, 0, 0, 0, 0, 0, 1, 1, 8
"/Users/sebastianwebster/GitHub/social-media-platform/assets/icomoon-icons/IcoMoon-Free-master/SVG/480-file-pdf.svg", "XML", 6, 0, 0, 0, 0, 0, 0, 1, 1, 8
"/Users/sebastianwebster/GitHub/social-media-platform/assets/icomoon-icons/IcoMoon-Free-master/SVG/481-file-openoffice.svg", "XML", 6, 0, 0, 0, 0, 0, 0, 1, 1, 8
"/Users/sebastianwebster/GitHub/social-media-platform/assets/icomoon-icons/IcoMoon-Free-master/SVG/482-file-word.svg", "XML", 6, 0, 0, 0, 0, 0, 0, 1, 1, 8
"/Users/sebastianwebster/GitHub/social-media-platform/assets/icomoon-icons/IcoMoon-Free-master/SVG/483-file-excel.svg", "XML", 6, 0, 0, 0, 0, 0, 0, 1, 1, 8
"/Users/sebastianwebster/GitHub/social-media-platform/assets/icomoon-icons/IcoMoon-Free-master/SVG/484-libreoffice.svg", "XML", 5, 0, 0, 0, 0, 0, 0, 1, 1, 7
"/Users/sebastianwebster/GitHub/social-media-platform/assets/icomoon-icons/IcoMoon-Free-master/SVG/485-html-five.svg", "XML", 5, 0, 0, 0, 0, 0, 0, 1, 1, 7
"/Users/sebastianwebster/GitHub/social-media-platform/assets/icomoon-icons/IcoMoon-Free-master/SVG/486-html-five2.svg", "XML", 5, 0, 0, 0, 0, 0, 0, 1, 1, 7
"/Users/sebastianwebster/GitHub/social-media-platform/assets/icomoon-icons/IcoMoon-Free-master/SVG/487-css3.svg", "XML", 5, 0, 0, 0, 0, 0, 0, 1, 1, 7
"/Users/sebastianwebster/GitHub/social-media-platform/assets/icomoon-icons/IcoMoon-Free-master/SVG/488-git.svg", "XML", 5, 0, 0, 0, 0, 0, 0, 1, 1, 7
"/Users/sebastianwebster/GitHub/social-media-platform/assets/icomoon-icons/IcoMoon-Free-master/SVG/489-codepen.svg", "XML", 5, 0, 0, 0, 0, 0, 0, 1, 1, 7
"/Users/sebastianwebster/GitHub/social-media-platform/assets/icomoon-icons/IcoMoon-Free-master/SVG/490-svg.svg", "XML", 5, 0, 0, 0, 0, 0, 0, 1, 1, 7
"/Users/sebastianwebster/GitHub/social-media-platform/assets/icomoon-icons/IcoMoon-Free-master/SVG/491-IcoMoon.svg", "XML", 5, 0, 0, 0, 0, 0, 0, 1, 1, 7
"/Users/sebastianwebster/GitHub/social-media-platform/babel.config.js", "JavaScript", 0, 6, 0, 0, 0, 0, 0, 0, 1, 7
"/Users/sebastianwebster/GitHub/social-media-platform/components/AdIDContext.js", "JavaScript", 0, 2, 0, 0, 0, 0, 0, 1, 1, 4
"/Users/sebastianwebster/GitHub/social-media-platform/components/AppStylingContext.js", "JavaScript", 0, 2, 0, 0, 0, 0, 0, 1, 1, 4
"/Users/sebastianwebster/GitHub/social-media-platform/components/Content_ChatInformationScreen.js", "JavaScript", 0, 44, 0, 0, 0, 0, 0, 0, 3, 47
"/Users/sebastianwebster/GitHub/social-media-platform/components/CredentialsContext.js", "JavaScript", 0, 2, 0, 0, 0, 0, 0, 1, 1, 4
"/Users/sebastianwebster/GitHub/social-media-platform/components/KeyboardAvoidingWrapper.js", "JavaScript", 0, 18, 0, 0, 0, 0, 0, 1, 4, 23
"/Users/sebastianwebster/GitHub/social-media-platform/components/KeyboardAvoidingWrapper_NoScrollview.js", "JavaScript", 0, 14, 0, 0, 0, 0, 0, 1, 4, 19
"/Users/sebastianwebster/GitHub/social-media-platform/components/MemberRow_ChatInformationScreen.js", "JavaScript", 0, 40, 0, 0, 0, 0, 0, 0, 3, 43
"/Users/sebastianwebster/GitHub/social-media-platform/components/OfflineNotice.js", "JavaScript", 0, 62, 0, 0, 0, 0, 0, 0, 9, 71
"/Users/sebastianwebster/GitHub/social-media-platform/components/RefreshAppStylingContext.js", "JavaScript", 0, 2, 0, 0, 0, 0, 0, 1, 1, 4
"/Users/sebastianwebster/GitHub/social-media-platform/components/ScalableProgressiveImage.js", "JavaScript", 0, 25, 0, 0, 0, 0, 0, 0, 4, 29
"/Users/sebastianwebster/GitHub/social-media-platform/components/StylingVersionsFile.js", "JavaScript", 0, 1, 0, 0, 0, 0, 0, 0, 0, 1
"/Users/sebastianwebster/GitHub/social-media-platform/components/devModeOn.js", "JavaScript", 0, 2, 0, 0, 0, 0, 0, 0, 1, 3
"/Users/sebastianwebster/GitHub/social-media-platform/docs/PrivacyPolicy.html", "HTML", 0, 0, 0, 14, 0, 0, 0, 0, 1, 15
"/Users/sebastianwebster/GitHub/social-media-platform/docs/TermsAndConditions.html", "HTML", 0, 0, 0, 14, 0, 0, 0, 0, 1, 15
"/Users/sebastianwebster/GitHub/social-media-platform/docs/index.html", "HTML", 0, 0, 0, 11, 0, 0, 0, 0, 1, 12
"/Users/sebastianwebster/GitHub/social-media-platform/navigation/StackNavigator.js", "JavaScript", 0, 806, 0, 0, 0, 0, 0, 59, 25, 890
"/Users/sebastianwebster/GitHub/social-media-platform/navigation/Start_Stack.js", "JavaScript", 0, 98, 0, 0, 0, 0, 0, 0, 12, 110
"/Users/sebastianwebster/GitHub/social-media-platform/navigation/navigationImages.js", "JavaScript", 0, 7, 0, 0, 0, 0, 0, 0, 1, 8
"/Users/sebastianwebster/GitHub/social-media-platform/navigation/tabs.js", "JavaScript", 0, 278, 0, 0, 0, 0, 0, 8, 13, 299
"/Users/sebastianwebster/GitHub/social-media-platform/package-lock.json", "JSON", 0, 0, 26211, 0, 0, 0, 0, 0, 1, 26212
"/Users/sebastianwebster/GitHub/social-media-platform/package.json", "JSON", 0, 0, 100, 0, 0, 0, 0, 0, 1, 101
"/Users/sebastianwebster/GitHub/social-media-platform/posts/ProgressiveImage.js", "JavaScript", 0, 24, 0, 0, 0, 0, 0, 0, 4, 28
"/Users/sebastianwebster/GitHub/social-media-platform/posts/images.js", "JavaScript", 0, 22, 0, 0, 0, 0, 0, 2, 1, 25
"/Users/sebastianwebster/GitHub/social-media-platform/posts/post.js", "JavaScript", 0, 101, 0, 0, 0, 0, 0, 0, 3, 104
"/Users/sebastianwebster/GitHub/social-media-platform/posts/post_fullscreen.js", "JavaScript", 0, 286, 0, 0, 0, 0, 0, 0, 3, 289
"/Users/sebastianwebster/GitHub/social-media-platform/python_scripts/blur_image.py", "Python", 0, 0, 0, 0, 0, 0, 7, 4, 3, 14
"/Users/sebastianwebster/GitHub/social-media-platform/python_scripts/send_email.py", "Python", 0, 0, 0, 0, 0, 0, 9, 2, 3, 14
"/Users/sebastianwebster/GitHub/social-media-platform/python_scripts/send_notification.py", "Python", 0, 0, 0, 0, 0, 0, 43, 10, 4, 57
"/Users/sebastianwebster/GitHub/social-media-platform/screens/AccountBadges.js", "JavaScript", 0, 73, 0, 0, 0, 0, 0, 2, 17, 92
"/Users/sebastianwebster/GitHub/social-media-platform/screens/AccountSettings.js", "JavaScript", 0, 112, 0, 0, 0, 0, 0, 7, 16, 135
"/Users/sebastianwebster/GitHub/social-media-platform/screens/AppStyling.js", "JavaScript", 0, 153, 0, 0, 0, 0, 0, 0, 10, 163
"/Users/sebastianwebster/GitHub/social-media-platform/screens/BadgesScreen.js", "JavaScript", 0, 73, 0, 0, 0, 0, 0, 2, 18, 93
"/Users/sebastianwebster/GitHub/social-media-platform/screens/BuiltInStylingMenu.js", "JavaScript", 0, 76, 0, 0, 0, 0, 0, 0, 9, 85
"/Users/sebastianwebster/GitHub/social-media-platform/screens/CategoryCreationPage.js", "JavaScript", 0, 342, 0, 0, 0, 0, 0, 13, 40, 395
"/Users/sebastianwebster/GitHub/social-media-platform/screens/CategoryHome.js", "JavaScript", 0, 161, 0, 0, 0, 0, 0, 8, 25, 194
"/Users/sebastianwebster/GitHub/social-media-platform/screens/CategoryViewPage.js", "JavaScript", 0, 971, 0, 0, 0, 0, 0, 41, 51, 1063
"/Users/sebastianwebster/GitHub/social-media-platform/screens/ChangeDisplayNamePage.js", "JavaScript", 0, 163, 0, 0, 0, 0, 0, 9, 30, 202
"/Users/sebastianwebster/GitHub/social-media-platform/screens/ChangeEmailPage.js", "JavaScript", 0, 163, 0, 0, 0, 0, 0, 9, 29, 201
"/Users/sebastianwebster/GitHub/social-media-platform/screens/ChangeUsernamePage.js", "JavaScript", 0, 163, 0, 0, 0, 0, 0, 9, 29, 201
"/Users/sebastianwebster/GitHub/social-media-platform/screens/ChatInformationScreen.js", "JavaScript", 0, 122, 0, 0, 0, 0, 0, 0, 3, 125
"/Users/sebastianwebster/GitHub/social-media-platform/screens/ChatScreen.js", "JavaScript", 0, 257, 0, 0, 0, 0, 0, 25, 13, 295
"/Users/sebastianwebster/GitHub/social-media-platform/screens/ChatScreenNavigator.js", "JavaScript", 0, 136, 0, 0, 0, 0, 0, 4, 10, 150
"/Users/sebastianwebster/GitHub/social-media-platform/screens/CommentViewPage.js", "JavaScript", 0, 950, 0, 0, 0, 0, 0, 47, 45, 1042
"/Users/sebastianwebster/GitHub/social-media-platform/screens/CreateChatScreen.js", "JavaScript", 0, 69, 0, 0, 0, 0, 0, 0, 4, 73
"/Users/sebastianwebster/GitHub/social-media-platform/screens/FindScreen.js", "JavaScript", 0, 424, 0, 0, 0, 0, 0, 11, 30, 465
"/Users/sebastianwebster/GitHub/social-media-platform/screens/HomeScreen.js", "JavaScript", 0, 856, 0, 0, 0, 0, 0, 9, 34, 899
"/Users/sebastianwebster/GitHub/social-media-platform/screens/IntroductionScreens/IntroScreen.js", "JavaScript", 0, 149, 0, 0, 0, 0, 0, 0, 2, 151
"/Users/sebastianwebster/GitHub/social-media-platform/screens/LoginScreen.js", "JavaScript", 0, 160, 0, 0, 0, 0, 0, 9, 32, 201
"/Users/sebastianwebster/GitHub/social-media-platform/screens/NotificationsSettingsScreen.js", "JavaScript", 0, 116, 0, 0, 0, 0, 0, 7, 15, 138
"/Users/sebastianwebster/GitHub/social-media-platform/screens/PostScreen.js", "JavaScript", 0, 135, 0, 0, 0, 0, 0, 3, 15, 153
"/Users/sebastianwebster/GitHub/social-media-platform/screens/PostScreens/AudioUploadPage.js", "JavaScript", 0, 109, 0, 0, 0, 0, 0, 2, 8, 119
"/Users/sebastianwebster/GitHub/social-media-platform/screens/PostScreens/MultiMediaUploadPage.js", "JavaScript", 0, 195, 0, 0, 0, 0, 0, 7, 30, 232
"/Users/sebastianwebster/GitHub/social-media-platform/screens/PostScreens/MultiMediaUploadPreview.js", "JavaScript", 0, 126, 0, 0, 0, 0, 0, 9, 22, 157
"/Users/sebastianwebster/GitHub/social-media-platform/screens/PostScreens/PollUploadPage.js", "JavaScript", 0, 801, 0, 0, 0, 0, 0, 11, 36, 848
"/Users/sebastianwebster/GitHub/social-media-platform/screens/PostScreens/RecordAudioPage.js", "JavaScript", 0, 339, 0, 0, 0, 0, 0, 8, 33, 380
"/Users/sebastianwebster/GitHub/social-media-platform/screens/PostScreens/SendAudioPage.js", "JavaScript", 0, 135, 0, 0, 0, 0, 0, 29, 25, 189
"/Users/sebastianwebster/GitHub/social-media-platform/screens/PostScreens/ThreadUploadPage.js", "JavaScript", 0, 467, 0, 0, 0, 0, 0, 11, 37, 515
"/Users/sebastianwebster/GitHub/social-media-platform/screens/ProfilePages.js", "JavaScript", 0, 2423, 0, 0, 0, 0, 0, 89, 110, 2622
"/Users/sebastianwebster/GitHub/social-media-platform/screens/ProfileScreen.js", "JavaScript", 0, 2647, 0, 0, 0, 0, 0, 96, 124, 2867
"/Users/sebastianwebster/GitHub/social-media-platform/screens/ProfileStats.js", "JavaScript", 0, 57, 0, 0, 0, 0, 0, 0, 2, 59
"/Users/sebastianwebster/GitHub/social-media-platform/screens/ReportBugScreen.js", "JavaScript", 0, 254, 0, 0, 0, 0, 0, 32, 33, 319
"/Users/sebastianwebster/GitHub/social-media-platform/screens/SecuritySettingsScreen.js", "JavaScript", 0, 126, 0, 0, 0, 0, 0, 7, 15, 148
"/Users/sebastianwebster/GitHub/social-media-platform/screens/SecuritySettingsScreens/2FA.js", "JavaScript", 0, 34, 0, 0, 0, 0, 0, 0, 2, 36
"/Users/sebastianwebster/GitHub/social-media-platform/screens/SecuritySettingsScreens/GDPRCompliance.js", "JavaScript", 0, 46, 0, 0, 0, 0, 0, 0, 2, 48
"/Users/sebastianwebster/GitHub/social-media-platform/screens/SecuritySettingsScreens/LoginActivity.js", "JavaScript", 0, 34, 0, 0, 0, 0, 0, 0, 2, 36
"/Users/sebastianwebster/GitHub/social-media-platform/screens/SecuritySettingsScreens/WhatIsStoredOnOurServers.js", "JavaScript", 0, 55, 0, 0, 0, 0, 0, 0, 2, 57
"/Users/sebastianwebster/GitHub/social-media-platform/screens/SelectCategorySearchScreen.js", "JavaScript", 0, 213, 0, 0, 0, 0, 0, 8, 22, 243
"/Users/sebastianwebster/GitHub/social-media-platform/screens/SettingsScreen.js", "JavaScript", 0, 187, 0, 0, 0, 0, 0, 7, 20, 214
"/Users/sebastianwebster/GitHub/social-media-platform/screens/Signup.js", "JavaScript", 0, 212, 0, 0, 0, 0, 0, 8, 31, 251
"/Users/sebastianwebster/GitHub/social-media-platform/screens/SimpleStylingScreens/ColorPicker.js", "JavaScript", 0, 185, 0, 0, 0, 0, 0, 0, 10, 195
"/Users/sebastianwebster/GitHub/social-media-platform/screens/SimpleStylingScreens/EditPostGroupScreens.js", "JavaScript", 0, 76, 0, 0, 0, 0, 0, 0, 7, 83
"/Users/sebastianwebster/GitHub/social-media-platform/screens/SimpleStylingScreens/EditPostScreenBackgroundColor.js", "JavaScript", 0, 81, 0, 0, 0, 0, 0, 0, 5, 86
"/Users/sebastianwebster/GitHub/social-media-platform/screens/SimpleStylingScreens/EditPostScreenContinueButtonStyle.js", "JavaScript", 0, 61, 0, 0, 0, 0, 0, 0, 5, 66
"/Users/sebastianwebster/GitHub/social-media-platform/screens/SimpleStylingScreens/EditPostScreenIconColors.js", "JavaScript", 0, 72, 0, 0, 0, 0, 0, 0, 6, 78
"/Users/sebastianwebster/GitHub/social-media-platform/screens/SimpleStylingScreens/EditPostScreenStyle.js", "JavaScript", 0, 92, 0, 0, 0, 0, 0, 0, 5, 97
"/Users/sebastianwebster/GitHub/social-media-platform/screens/SimpleStylingScreens/EditSimpleStyle.js", "JavaScript", 0, 257, 0, 0, 0, 0, 0, 0, 29, 286
"/Users/sebastianwebster/GitHub/social-media-platform/screens/SimpleStylingScreens/PerScreenEdit.js", "JavaScript", 0, 111, 0, 0, 0, 0, 0, 6, 13, 130
"/Users/sebastianwebster/GitHub/social-media-platform/screens/SimpleStylingScreens/SimpleStylingMenu.js", "JavaScript", 0, 691, 0, 0, 0, 0, 0, 0, 29, 720
"/Users/sebastianwebster/GitHub/social-media-platform/screens/TakeImage_Camera.js", "JavaScript", 0, 94, 0, 0, 0, 0, 0, 1, 7, 102
"/Users/sebastianwebster/GitHub/social-media-platform/screens/ThreadViewPage.js", "JavaScript", 0, 1077, 0, 0, 0, 0, 0, 55, 60, 1192
"/Users/sebastianwebster/GitHub/social-media-platform/screens/ViewImagePostPage.js", "JavaScript", 0, 563, 0, 0, 0, 0, 0, 33, 52, 648
"/Users/sebastianwebster/GitHub/social-media-platform/screens/ViewPollPostPage.js", "JavaScript", 0, 1282, 0, 0, 0, 0, 0, 52, 89, 1423
"/Users/sebastianwebster/GitHub/social-media-platform/screens/VisitingProfileScreen.js", "JavaScript", 0, 343, 0, 0, 0, 0, 0, 3, 26, 372
"/Users/sebastianwebster/GitHub/social-media-platform/screens/customizeStylingScreen.js", "JavaScript", 0, 46, 0, 0, 0, 0, 0, 1, 2, 49
"/Users/sebastianwebster/GitHub/social-media-platform/screens/screenStylings/styling.js", "JavaScript", 0, 1930, 0, 0, 0, 0, 0, 7, 183, 2120
"Total", "-", 2767, 24509, 52247, 6456, 13, 1936, 59, 1318, 2218, 91523